Date,Avg. Temperature(°F),Avg. Humidity(%),Avg. Dewpoint(°F),Avg. Barometer(in),Avg. Windspeed(mph),Avg. Gust speed(mph),Avg. Direction(°deg),Rainfall for month(in),Rainfall for year(in),Max. rain per minute,Max. Temperature(°F),Min. Temperature(°F),Max. Humidity(%),Min. Humidity(%),Max. Pressure,Min. Pressure,Max. Windspeed(mph),Max. Gust speed(mph),Max. Heat Index(°F)
2023-01-01 00:00:00,28.5,83,23.9,29.7,3,5,76,0.09,0.37,0.01,36.1,23.5,94,64,29.747,29.612,12.7,16.1,36.1
2023-01-02 00:00:00,20.4,92,18.5,29.7,2.1,3.4,68,0.09,0.37,0,23.8,17.3,94,90,29.806,29.654,5.8,10.4,23.8
2023-01-03 00:00:00,21.8,68,12.1,29.8,6.1,9.2,267,0.15,0.43,0.01,31.2,11.3,91,48,29.871,29.772,18.4,28.8,31.2
2023-01-04 00:00:00,23.1,46,5.4,30,16,23.5,258,0.15,0.43,0,27.2,19.8,53,34,30.175,29.831,28.8,41.4,27.2
2023-01-05 00:00:00,33.3,39,10.7,30,10.7,15,248,0.15,0.43,0,41.4,19.5,57,27,30.163,29.83,21.9,31.1,41.4
2023-01-06 00:00:00,34.2,50,17.4,29.8,6.2,9.2,249,0.15,0.43,0,38.8,29,65,29,30.028,29.74,19.6,27.6,38.8
2023-01-07 00:00:00,32.3,46,13.9,30.1,9.1,13.5,251,0.15,0.43,0,37.3,29.9,56,32,30.15,30.025,19.6,31.1,37.3
2023-01-08 00:00:00,35.4,31,7.3,30,11.4,16,254,0.15,0.43,0,42.2,28.2,43,21,30.13,29.896,25.3,34.5,42.2
2023-01-09 00:00:00,36,47,17.8,29.8,14.7,21.3,257,0.15,0.43,0,40.8,27.4,57,36,29.974,29.711,32.2,43.7,40.8
2023-01-10 00:00:00,38.1,60,25.3,29.6,13.6,19.7,260,0.15,0.43,0,42.9,34.3,81,46,29.73,29.505,25.3,39.1,42.9
2023-01-11 00:00:00,30.3,65,19.3,29.7,7.2,10.6,220,0.17,0.45,0.01,34.2,26.8,93,46,30.137,29.524,20.7,31.1,34.2
2023-01-12 00:00:00,32.5,42,11.3,30.3,8.8,13.1,252,0.17,0.45,0,40.4,25.6,55,25,30.33,30.122,19.6,28.8,40.4
2023-01-13 00:00:00,42.9,41,20.5,30.1,9.4,13.7,215,0.17,0.45,0,51.1,34.4,53,32,30.259,29.797,19.6,27.6,51.1
2023-01-14 00:00:00,42.9,38,18.7,29.6,11.7,17.4,224,0.17,0.45,0,46.4,37.5,55,29,29.797,29.429,24.2,36.8,46.4
2023-01-15 00:00:00,31.1,70,21.8,29.3,2.8,4.4,157,0.18,0.46,0.01,40.5,24.9,93,42,29.426,29.25,17.3,27.6,40.5
2023-01-16 00:00:00,30.7,51,14.2,29.5,9.9,14.9,192,0.18,0.46,0,37,20.3,73,38,29.583,29.353,25.3,39.1,37
2023-01-17 00:00:00,22.6,78,16.5,29.6,2.8,4.5,57,0.18,0.46,0,37.3,12.7,90,48,29.676,29.553,10.4,16.1,37.3
2023-01-18 00:00:00,20.7,75,13.7,29.8,3.6,5.7,290,0.19,0.47,0.01,25.8,16.2,90,47,29.914,29.615,20.7,31.1,25.8
2023-01-19 00:00:00,22.9,45,4.1,30,9.7,13.8,261,0.19,0.47,0,31.1,14.8,69,24,30.103,29.874,25.3,40.3,31.1
2023-01-20 00:00:00,14.4,73,7.3,30.2,0.7,1.4,31,0.19,0.47,0,24.5,5,85,59,30.284,30.086,5.8,11.5,24.5
2023-01-21 00:00:00,13.7,70,5.1,30.2,2.5,4.3,299,0.19,0.47,0,24.9,1.6,87,48,30.327,30.107,12.7,21.9,24.9
2023-01-22 00:00:00,22.1,62,10.9,29.9,1.9,3.5,139,0.2,0.48,0.01,32.1,7.9,79,45,30.112,29.827,10.4,18.4,32.1
2023-01-23 00:00:00,20.2,82,15.5,30.1,1.4,2.7,96,0.23,0.51,0.01,27.2,8.2,91,70,30.166,30.006,8.1,13.8,27.2
2023-01-24 00:00:00,19.9,63,8.7,30.1,3.8,6.3,140,0.23,0.51,0,31.5,7.9,92,34,30.131,29.947,12.7,23,31.5
2023-01-25 00:00:00,17.6,48,1,30.2,4.6,7.8,263,0.23,0.51,0,24.1,14.4,60,37,30.345,30.076,13.8,19.6,24.1
2023-01-26 00:00:00,20.8,44,2,30.2,13.4,19.6,252,0.24,0.52,0.01,27,14.5,51,32,30.332,30.057,26.5,39.1,27
2023-01-27 00:00:00,26.8,55,12.6,29.8,13.6,19.9,254,0.24,0.52,0,33.2,23.7,81,43,30.063,29.687,26.5,40.3,33.2
2023-01-28 00:00:00,21,69,11.9,29.8,6.8,10.5,286,0.24,0.52,0,32.5,3.1,89,50,29.963,29.604,23,33.4,32.5
2023-01-29 00:00:00,0.8,80,5.4,30.1,3.6,5.5,52,0.24,0.52,0,7.2,9.5,84,77,30.396,29.845,10.4,15,7.2
2023-01-30 00:00:00,0.1,82,4.3,30.4,1.3,2.2,48,0.24,0.52,0,9.5,9.4,85,79,30.461,30.335,5.8,8.1,9.5
2023-01-31 00:00:00,16.6,42,3.5,30.3,12.2,16.8,258,0.28,0.56,0.01,26,2.3,82,24,30.451,30.188,21.9,33.4,26
2022-01-01 00:00:00,10.4,69,1.3,29.9,4.5,6.9,251,0.12,0.62,0.01,19.5,4.6,88,34,30.206,29.622,17.3,29.9,19.5
2022-01-02 00:00:00,26.9,38,4.2,30.2,10.5,15.4,238,0.14,0.64,0.01,36.7,14.2,49,28,30.361,30.136,19.6,32.2,36.7
2022-01-03 00:00:00,33.2,33,6.9,30,10.7,15.5,230,0.14,0.64,0,40.1,24.7,45,25,30.155,29.741,28.8,42.6,40.1
2022-01-04 00:00:00,29.9,44,9.7,29.7,9.7,15.1,234,0.14,0.64,0,34.4,24.1,73,28,29.886,29.611,25.3,41.4,34.4
2022-01-05 00:00:00,19.3,74,12.2,29.8,8.4,12.6,243,0.14,0.64,0,32.5,0.5,86,55,30.007,29.554,20.7,29.9,32.5
2022-01-06 00:00:00,21.3,74,13.9,30,11.2,16.6,240,0.34,0.84,0.01,41.5,0.6,92,52,30.213,29.76,29.9,46,41.5
2022-01-07 00:00:00,42.5,42,20.5,29.5,10.5,15.1,213,0.34,0.84,0,49.9,36.9,62,25,29.771,29.327,33.4,47.2,49.9
2022-01-08 00:00:00,33.1,51,16.2,29.6,10.7,16.1,236,0.35,0.85,0.01,40,16.8,90,35,30.114,29.345,26.5,43.7,40
2022-01-09 00:00:00,26.2,40,4,30.4,8.5,12.4,239,0.35,0.85,0,36.3,12.1,73,24,30.604,30.11,23,33.4,36.3
2022-01-10 00:00:00,27.8,43,4,30.6,3.3,4.8,159,0.35,0.85,0,53.2,6,81,14,30.717,30.344,18.4,26.5,53.2
2022-01-11 00:00:00,38.3,20,0.5,30.2,11.4,16,193,0.35,0.85,0,43.1,35.6,30,2,30.346,29.858,23,32.2,43.1
2022-01-12 00:00:00,38.7,40,16.5,30.1,13.3,18.9,216,0.35,0.85,0,45.5,34,49,29,30.184,30.062,23,35.7,45.5
2022-01-13 00:00:00,43.8,35,16.7,30,6.9,10.1,232,0.35,0.85,0,56.4,37.2,48,17,30.204,29.679,20.7,33.4,56.4
2022-01-14 00:00:00,32.4,45,12.8,29.9,8.2,12.4,306,0.35,0.85,0,46.5,20.8,67,21,30.274,29.603,21.9,33.4,46.5
2022-01-15 00:00:00,28.6,41,2.1,30.3,6.9,10.2,223,0.35,0.85,0,48.8,4.2,85,10,30.441,30.063,25.3,42.6,48.8
2022-01-16 00:00:00,38.4,26,5.3,29.9,10.8,15.6,230,0.35,0.85,0,47,25.3,60,16,30.1,29.862,24.2,39.1,47
2022-01-17 00:00:00,40.6,24,6.8,29.8,12.4,18.5,238,0.35,0.85,0,45.8,36.6,33,18,29.877,29.674,24.2,35.7,45.8
2022-01-18 00:00:00,35.7,24,1.6,29.7,7.7,11.2,239,0.35,0.85,0,41.3,23.3,50,17,29.84,29.624,17.3,27.6,41.3
2022-01-19 00:00:00,17.5,85,13.7,30.1,2.8,4.5,33,0.35,0.85,0,25.3,9.5,92,49,30.389,29.838,9.2,11.5,25.3
2022-01-20 00:00:00,21.8,55,5.9,30.3,8.7,12.5,231,0.35,0.85,0,34.6,2.2,91,29,30.481,30.034,23,33.4,34.6
2022-01-21 00:00:00,27.7,71,18.9,30.1,5.6,8.7,243,0.35,0.85,0,32.3,20.8,91,48,30.287,29.927,24.2,36.8,32.3
2022-01-22 00:00:00,21.6,68,10.9,30.3,2.9,4.5,258,0.41,0.91,0.01,41.8,3.2,90,25,30.381,30.248,15,21.9,41.8
2022-01-23 00:00:00,27.5,56,12,30.2,6,9.3,253,0.41,0.91,0,46.8,7.9,86,30,30.383,29.925,18.4,29.9,46.8
2022-01-24 00:00:00,30.9,44,10.8,29.8,7.5,11.1,234,0.41,0.91,0,37.3,21.6,86,30,29.94,29.709,18.4,29.9,37.3
2022-01-25 00:00:00,17,84,13,30.1,2.6,4.2,60,0.44,0.94,0.01,21.6,1.6,90,74,30.315,29.799,10.4,16.1,21.6
2022-01-26 00:00:00,20.7,47,1.4,30.2,7.9,11.7,240,0.47,0.97,0.01,34.5,6.2,90,25,30.291,30.127,18.4,27.6,34.5
2022-01-27 00:00:00,16.6,68,7.1,30.3,3.9,6.1,292,0.49,0.99,0.01,25.2,1,87,27,30.543,30.14,20.7,27.6,25.2
2022-01-28 00:00:00,31.2,26,0.6,30.4,11.4,16.8,240,0.5,1,0.01,42.6,19.9,38,16,30.557,30.242,23,32.2,42.6
2022-01-29 00:00:00,40.5,13,7.1,30.1,10.2,14.8,233,0.5,1,0,49.9,32,22,8,30.258,29.94,21.9,33.4,49.9
2022-01-30 00:00:00,36.2,17,6.6,29.9,5.5,8,224,0.5,1,0,50.6,18.6,35,6,29.962,29.823,16.1,24.2,50.6
2022-01-31 00:00:00,37.2,18,3.7,29.6,14.8,21.6,168,0.5,1,0,44.7,30.7,36,9,29.823,29.419,29.9,47.2,44.7
2022-10-01 00:00:00,49.2,68,38.6,29.8,2.1,3.8,255,0,8.31,0,59.5,36.8,89,47,29.928,29.73,16.1,27.6,59.5
2022-10-02 00:00:00,48.4,66,36,30,3.8,6,263,0,8.31,0,65,34.6,93,35,30.023,29.893,15,26.5,65
2022-10-03 00:00:00,52.3,57,36.6,29.9,4.9,7.8,267,0.12,8.43,0.06,65.7,41.9,82,34,29.949,29.811,13.8,25.3,65.7
2022-10-04 00:00:00,43.8,80,37.1,30,1.9,3.2,308,0.22,8.53,0.02,60,29.9,96,40,30.103,29.944,15,21.9,60
2022-10-05 00:00:00,42.9,75,34.3,30.2,1,2,85,0.23,8.54,0.01,59.9,28.3,96,41,30.237,30.107,8.1,13.8,59.9
2022-10-06 00:00:00,44.5,68,33.1,30.2,1.2,2.3,130,0.24,8.55,0.01,61.9,26.3,96,38,30.263,30.133,8.1,11.5,61.9
2022-10-07 00:00:00,42.1,80,36.1,30.2,2.8,4.8,53,0.25,8.56,0.01,53.7,32.6,95,51,30.247,30.137,12.7,18.4,53.7
2022-10-08 00:00:00,40.8,74,31.9,30.2,1.5,2.8,64,0.26,8.57,0.01,60,25.4,96,41,30.311,30.147,11.5,16.1,60
2022-10-09 00:00:00,42.8,62,27.5,30.2,1.4,2.6,47,0.26,8.57,0,64,23.9,95,22,30.221,30.098,9.2,17.3,64
2022-10-10 00:00:00,47.2,51,25.8,29.9,3.6,6.1,276,0.26,8.57,0,66.6,25.6,90,21,30.144,29.734,16.1,25.3,66.6
2022-10-11 00:00:00,55.2,28,22.6,29.6,9.3,14.9,266,0.26,8.57,0,64.8,49.4,37,17,29.733,29.486,24.2,38,64.8
2022-10-12 00:00:00,49.5,42,25.3,29.8,7.1,11.1,257,0.26,8.57,0,69.2,30.8,83,16,29.958,29.644,18.4,27.6,73.6
2022-10-13 00:00:00,45.2,51,23.7,30,3.7,6.4,276,0.26,8.57,0,64.3,26,91,18,30.081,29.924,13.8,23,64.3
2022-10-14 00:00:00,53.3,25,17.2,29.7,6.7,10.8,204,0.26,8.57,0,67.9,33.5,46,13,29.92,29.61,17.3,28.8,67.9
2022-10-15 00:00:00,41.2,54,25.1,29.9,2.5,4.5,98,0.26,8.57,0,56.8,24.2,76,36,30.142,29.738,12.7,18.4,56.8
2022-10-16 00:00:00,40.9,72,32,30.1,1.9,3.4,75,0.26,8.57,0,54.5,29,90,47,30.197,30.057,9.2,12.7,54.5
2022-10-17 00:00:00,38.3,66,25.9,30.2,1.4,2.7,49,0.26,8.57,0,58.8,22.1,94,31,30.242,30.11,9.2,12.7,58.8
2022-10-18 00:00:00,39.6,54,20.7,30.2,1.5,2.9,63,0.26,8.57,0,62.5,19.4,88,18,30.278,30.171,10.4,13.8,62.5
2022-10-19 00:00:00,46.3,39,16.5,30.2,2.7,4.6,315,0.26,8.57,0,73.8,23,75,12,30.248,30.055,12.7,20.7,74.3
2022-10-20 00:00:00,49.2,27,12.3,29.9,4.9,7.7,251,0.26,8.57,0,70.9,23.9,61,8,30.1,29.692,17.3,25.3,72.6
2022-10-21 00:00:00,56,20,15,29.5,10.5,16.7,254,0.26,8.57,0,65.4,49.3,27,11,29.691,29.312,23,38,65.4
2022-10-22 00:00:00,53.7,25,18.5,29.2,10.9,16.4,233,0.26,8.57,0,62.1,40.9,41,15,29.323,29.077,23,35.7,62.1
2022-10-23 00:00:00,40.7,46,21.2,29.1,7.3,11.3,221,0.26,8.57,0,51.8,30.4,65,29,29.559,28.966,26.5,36.8,51.8
2022-10-24 00:00:00,31.5,39,9,29.7,11.1,17.4,253,0.26,8.57,0,38.4,25.4,57,30,29.904,29.525,21.9,34.5,38.4
2022-10-25 00:00:00,37,47,18.4,29.9,10.5,15.4,258,0.26,8.57,0,45.6,31.1,57,37,29.934,29.851,24.2,38,45.6
2022-10-26 00:00:00,35.5,59,21.9,29.8,4.9,7.8,240,0.26,8.57,0,46.6,25,89,42,29.924,29.677,18.4,26.5,46.6
2022-10-27 00:00:00,32.5,79,26.6,29.9,1.1,2,194,0.5,8.81,0.01,40.2,24.4,93,46,30.219,29.678,5.8,10.4,40.2
2022-10-28 00:00:00,31.6,66,18.9,30.3,1,1.9,358,0.51,8.82,0.01,55.8,12.8,94,19,30.372,30.197,5.8,9.2,55.8
2022-10-29 00:00:00,32.3,57,15.3,30.2,1.4,2.8,69,0.52,8.83,0.01,52.1,15.2,89,19,30.251,30.131,9.2,15,52.1
2022-10-30 00:00:00,33.7,57,17.9,30.1,0.9,1.7,21,0.52,8.83,0,54.1,21.9,81,25,30.183,29.962,6.9,11.5,54.1
2022-10-31 00:00:00,45.3,34,18.2,29.8,8.2,12,206,0.52,8.83,0,55.6,32.8,62,22,29.981,29.747,17.3,26.5,55.6
2022-11-01 00:00:00,44.8,39,17.8,29.8,5.2,8.1,253,0,8.71,0,60.4,27.8,71,17,29.845,29.629,18.4,27.6,60.4
2022-11-02 00:00:00,48.3,26,13.8,29.5,8.1,11.7,194,0,8.71,0,62,26.9,56,13,29.63,29.412,24.2,35.7,62
2022-11-03 00:00:00,28.6,69,18.8,29.6,3,4.8,68,0,8.71,0,43.2,19.7,91,33,29.89,29.443,11.5,19.6,43.2
2022-11-04 00:00:00,24,66,13,29.9,8.9,12.9,256,0.11,8.82,0.01,32,9.4,91,39,29.978,29.832,28.8,41.4,32
2022-11-05 00:00:00,36.2,59,23.2,29.5,18,26.3,238,0.12,8.83,0.01,43.3,28.7,70,47,29.837,29.385,35.7,52.9,43.3
2022-11-06 00:00:00,32.4,64,21.4,29.8,3.2,5.3,245,0.12,8.83,0,37.8,23.7,79,50,30.046,29.564,13.8,21.9,37.8
2022-11-07 00:00:00,33.9,69,23.2,30,1.8,3.1,41,0.12,8.83,0,59.5,19.2,92,30,30.065,29.849,11.5,15,59.5
2022-11-08 00:00:00,36.3,61,20,29.9,3,4.7,214,0.12,8.83,0,60.4,22.3,91,19,29.924,29.77,13.8,24.2,60.4
2022-11-09 00:00:00,37,52,16.8,29.6,6.5,10.2,234,0.12,8.83,0,61.5,19.8,81,9,29.775,29.376,24.2,44.9,61.5
2022-11-10 00:00:00,27.4,47,9.7,29.8,9.8,14.7,262,0.12,8.83,0,35.1,22,81,35,30.034,29.621,32.2,46,35.1
2022-11-11 00:00:00,21.2,58,7.2,30.1,4.3,6.7,325,0.12,8.83,0,35.8,10.8,84,29,30.199,30.017,16.1,28.8,35.8
2022-11-12 00:00:00,27.8,40,4.2,30.1,2,3.6,33,0.12,8.83,0,47.3,10,75,17,30.2,29.873,10.4,19.6,47.3
2022-11-13 00:00:00,31.6,38,7.3,29.8,6,9.5,252,0.12,8.83,0,45,17.3,68,20,29.96,29.703,19.6,27.6,45
2022-11-14 00:00:00,18.9,65,8.5,30.1,1.7,3.3,99,0.12,8.83,0,31.7,5.8,86,40,30.289,29.91,9.2,13.8,31.7
2022-11-15 00:00:00,19.8,55,4.4,30.4,4.6,7.4,272,0.13,8.84,0.01,29.9,10.7,90,29,30.452,30.284,15,26.5,29.9
2022-11-16 00:00:00,25.4,42,5.2,30.4,7.2,10.8,260,0.13,8.84,0,32.7,19.7,50,34,30.46,30.228,19.6,27.6,32.7
2022-11-17 00:00:00,16.6,74,9,30.3,4.3,6.5,191,0.13,8.84,0,25.8,7.5,86,47,30.377,30.186,16.1,23,25.8
2022-11-18 00:00:00,10.4,76,4.3,30.4,1.5,2.7,62,0.28,8.99,0.01,22.5,2.2,87,47,30.487,30.305,9.2,15,22.5
2022-11-19 00:00:00,22.5,51,5.1,30.4,4.5,6.8,217,0.3,9.01,0.01,36.2,6.4,85,26,30.525,30.246,20.7,28.8,36.2
2022-11-20 00:00:00,35.4,24,1.4,30.1,9.6,13.8,209,0.3,9.01,0,43.5,24.6,35,16,30.243,30.05,19.6,27.6,43.5
2022-11-21 00:00:00,32,32,2.8,30.1,2.9,4.6,302,0.3,9.01,0,50.6,12.4,61,12,30.205,30.082,15,19.6,50.6
2022-11-22 00:00:00,35.8,23,0.1,30,5.1,7.4,205,0.3,9.01,0,49,23.8,47,12,30.15,29.847,17.3,24.2,49
2022-11-23 00:00:00,33.8,30,3.2,29.8,7.2,11.2,187,0.3,9.01,0,38.7,24.2,59,15,30.07,29.742,17.3,26.5,38.7
2022-11-24 00:00:00,24.9,61,12.4,30.3,1.2,2.3,7,0.3,9.01,0,41,13.3,81,36,30.499,30.07,5.8,11.5,41
2022-11-25 00:00:00,29.8,60,15.1,30.4,0.9,1.8,111,0.3,9.01,0,58.8,12,84,21,30.541,30.075,8.1,11.5,58.8
2022-11-26 00:00:00,36.9,52,18,29.8,4.3,6.7,221,0.3,9.01,0,52.4,17.4,91,23,30.072,29.695,16.1,20.7,52.4
2022-11-27 00:00:00,30,61,16.8,29.7,10.8,15.8,258,0.33,9.04,0.01,35.4,19.9,94,37,29.765,29.596,29.9,49.5,35.4
2022-11-28 00:00:00,31.4,49,12.6,29.5,7.7,11.8,243,0.33,9.04,0,36.4,19.1,89,30,29.63,29.303,25.3,42.6,36.4
2022-11-29 00:00:00,13.4,74,6.3,29.8,3.7,6,303,0.35,9.06,0.01,20.9,9.3,89,50,30.177,29.316,20.7,31.1,20.9
2022-11-30 00:00:00,32.2,38,8.6,30,13.7,20,256,0.4,9.11,0.01,41.4,16.3,54,24,30.205,29.723,25.3,34.5,41.4
2022-12-01 00:00:00,41.6,31,12.8,29.6,15.5,23.2,263,0,9.03,0,48.5,35.1,43,21,29.737,29.414,29.9,46,48.5
2022-12-02 00:00:00,29.1,58,15.4,29.7,9.6,14.6,274,0,9.03,0,41.1,20.2,88,38,30.187,29.357,24.2,39.1,41.1
2022-12-03 00:00:00,34,48,16.1,30.2,13.7,19.3,265,0,9.03,0,39.9,26.6,63,36,30.33,30.076,26.5,36.8,39.9
2022-12-04 00:00:00,41.9,54,26.4,29.8,12.3,17.7,264,0.01,9.04,0.01,47.7,32.7,69,43,30.095,29.621,26.5,39.1,47.7
2022-12-05 00:00:00,35.7,70,26.2,29.6,5.5,8.4,262,0.01,9.04,0,42,25.5,92,46,29.651,29.544,19.6,27.6,42
2022-12-06 00:00:00,26,71,17.5,29.9,4.7,6.9,269,0.14,9.17,0.01,32.4,19.2,92,50,30.069,29.655,17.3,25.3,32.4
2022-12-07 00:00:00,28.3,54,12.8,30.1,4.2,6.3,274,0.18,9.21,0.01,39.3,16.3,88,31,30.132,29.995,19.6,31.1,39.3
2022-12-08 00:00:00,25,53,8.9,30.1,11.9,17.8,265,0.18,9.21,0,30.3,12.3,94,28,30.235,29.972,27.6,44.9,30.3
2022-12-09 00:00:00,29.1,34,2.7,30,10,15.3,243,0.18,9.21,0,36.8,15,52,14,30.152,29.853,24.2,38,36.8
2022-12-10 00:00:00,35,29,4.9,30,10.6,15.6,259,0.18,9.21,0,42.2,26.4,46,19,30.073,29.837,25.3,36.8,42.2
2022-12-11 00:00:00,37.8,28,4.5,29.7,6.2,9.5,261,0.18,9.21,0,48.3,22,64,13,29.836,29.539,20.7,29.9,48.3
2022-12-12 00:00:00,30.7,51,12.2,29.4,2.8,4.5,99,0.18,9.21,0,44.9,17.6,89,21,29.555,29.315,13.8,19.6,44.9
2022-12-13 00:00:00,20.1,52,4.9,29.5,12.3,18.8,271,0.18,9.21,0,23.9,16.3,89,40,29.687,29.324,21.9,33.4,23.9
2022-12-14 00:00:00,21.2,48,4.4,29.8,12.8,18.7,254,0.18,9.21,0,26.1,18.4,58,40,29.894,29.665,26.5,39.1,26.1
2022-12-15 00:00:00,16,45,2,30,9.8,14.9,269,0.18,9.21,0,22.8,9.7,52,36,30.073,29.82,21.9,33.4,22.8
2022-12-16 00:00:00,14.3,36,8,30.1,12.8,19,259,0.18,9.21,0,20.7,8.5,47,26,30.232,29.992,28.8,40.3,20.7
2022-12-17 00:00:00,22.8,36,0.5,30,13.1,18.6,249,0.18,9.21,0,28.9,14.3,44,30,30.109,29.942,25.3,34.5,28.9
2022-12-18 00:00:00,30,25,2.4,29.8,7.4,11.1,255,0.18,9.21,0,39,22.5,36,16,29.942,29.776,18.4,26.5,39
2022-12-19 00:00:00,25.7,32,0.7,30,8.1,12.2,254,0.18,9.21,0,31.3,14,47,24,30.237,29.779,20.7,29.9,31.3
2022-12-20 00:00:00,29.7,39,7.5,30.1,8.8,13.6,258,0.18,9.21,0,38,24.6,56,30,30.268,29.897,23,34.5,38
2022-12-21 00:00:00,21.2,58,8.1,29.7,10.4,15.6,236,0.18,9.21,0,31.9,6.1,81,42,29.921,29.558,24.2,36.8,31.9
2022-12-22 00:00:00,10.2,74,16.3,30.3,9.2,12.9,42,0.18,9.21,0,2.4,21,80,56,30.703,29.876,21.9,27.6,2.4
2022-12-23 00:00:00,13.3,58,1.2,30.6,8.6,13.3,359,0.23,9.26,0.01,33.3,8.6,73,46,30.771,30.325,24.2,33.4,33.3
2022-12-24 00:00:00,33.5,53,18.2,30.2,9.6,14.5,263,0.25,9.28,0.01,42.2,28.8,65,42,30.332,30.105,25.3,40.3,42.2
2022-12-25 00:00:00,37,51,20.5,30,12.4,19.4,250,0.25,9.28,0,43.2,33.4,58,39,30.125,29.845,28.8,44.9,43.2
2022-12-26 00:00:00,38.3,52,21.5,30,7.6,11.9,269,0.25,9.28,0,47.4,25.6,75,31,30.108,29.796,24.2,38,47.4
2022-12-27 00:00:00,44.2,43,22.7,29.4,20.1,27.8,249,0.25,9.28,0,48.1,40.1,58,31,29.815,29.161,35.7,49.5,48.1
2022-12-28 00:00:00,35.7,64,23.8,29.2,9.2,13.2,253,0.25,9.28,0,42.8,22.8,92,43,29.417,29.147,26.5,38,42.8
2022-12-29 00:00:00,22.7,50,6.8,29.7,8.5,13.1,272,0.31,9.34,0.01,27.1,19.1,82,38,29.959,29.41,19.6,34.5,27.1
2022-12-30 00:00:00,26.4,51,10.7,29.8,8.4,12.7,265,0.31,9.34,0,32.8,14.6,57,44,29.957,29.618,23,38,32.8
2022-12-31 00:00:00,34.2,74,26.6,29.6,6.8,9.9,247,0.32,9.35,0.01,38.9,30.7,88,53,29.649,29.521,20.7,29.9,38.9
2023-02-01 00:00:00,25.7,48,8.8,30.2,12.2,17.3,254,0,0.41,0,33.1,19.5,55,40,30.217,30.093,24.2,33.4,33.1
2023-02-02 00:00:00,31.6,39,8.5,30.3,9.7,13.9,260,0,0.41,0,40.5,24.1,54,24,30.33,30.151,18.4,28.8,40.5
2023-02-03 00:00:00,37.2,22,1.8,30.2,11.3,16.3,263,0,0.41,0,45.8,29.8,30,16,30.313,29.968,21.9,32.2,45.8
2023-02-04 00:00:00,36.1,30,7.3,29.9,13.9,21.4,270,0,0.41,0,40.6,31.8,40,18,29.973,29.846,29.9,44.9,40.6
2023-02-05 00:00:00,40.1,30,9.8,29.8,10.5,15.5,200,0,0.41,0,48.6,29.8,76,21,29.959,29.537,23,34.5,48.6
2023-02-06 00:00:00,26.8,49,9.7,29.7,8.5,12.9,243,0,0.41,0,31.6,14.5,72,36,30.127,29.496,25.3,41.4,31.6
2023-02-07 00:00:00,24.1,50,6.6,30.2,1.7,3,1,0,0.41,0,44,10.7,77,17,30.286,30.129,9.2,12.7,44
2023-02-08 00:00:00,25.1,54,10.2,30.1,8.7,13.1,258,0,0.41,0,34.5,9.6,83,34,30.208,29.963,21.9,33.4,34.5
2023-02-09 00:00:00,18.5,46,0.3,30.3,4.5,7.4,300,0,0.41,0,29.8,2.8,70,28,30.526,30.095,16.1,25.3,29.8
2023-02-10 00:00:00,24.7,48,3.9,30.4,3.9,6.1,271,0,0.41,0,50.7,4.5,86,18,30.579,30.247,15,23,50.7
2023-02-11 00:00:00,37,33,6.8,30,3.8,5.7,243,0,0.41,0,55.1,23.4,57,8,30.244,29.794,15,19.6,55.1
2023-02-12 00:00:00,37.6,33,10.3,29.8,7.8,11.6,223,0,0.41,0,48.2,25.1,58,19,29.895,29.788,18.4,28.8,48.2
2023-02-13 00:00:00,37,38,12.2,29.6,7.6,11,198,0,0.41,0,48.1,24.5,68,18,29.884,29.172,24.2,32.2,48.1
2023-02-14 00:00:00,28.9,47,10.3,29.2,11.4,17,202,0,0.41,0,34.8,14.4,83,31,29.588,29.016,27.6,42.6,34.8
2023-02-15 00:00:00,8.3,79,3.2,29.9,2.6,4.6,83,0,0.41,0,14.5,3.5,85,67,30.279,29.592,9.2,12.7,14.5
2023-02-16 00:00:00,15.1,52,2.3,30.4,4.3,6.6,268,0.03,0.44,0.01,31,3.6,86,24,30.461,30.278,17.3,28.8,31
2023-02-17 00:00:00,33.7,29,4.7,30.2,10.1,14.4,230,0.03,0.44,0,43,23.5,38,20,30.327,29.971,23,33.4,43
2023-02-18 00:00:00,33.6,24,0.4,29.8,11.7,17.6,261,0.03,0.44,0,40.5,29.6,33,16,29.971,29.629,27.6,46,40.5
2023-02-19 00:00:00,28.5,50,11.4,29.7,14.6,21.4,266,0.03,0.44,0,32.5,24.3,76,32,29.831,29.624,35.7,56.4,32.5
2023-02-20 00:00:00,34.9,47,16.8,29.7,19.4,28.6,270,0.03,0.44,0,42.2,30.8,57,40,29.745,29.603,33.4,54.1,42.2
2023-02-21 00:00:00,37,52,19.7,29.2,13.2,19.2,252,0.03,0.44,0,45.6,27.6,91,28,29.611,29.068,32.2,48.3,45.6
2023-02-22 00:00:00,3.4,82,0.9,29.4,3.9,6.1,71,0.03,0.44,0,27.7,10.3,92,72,29.926,29.048,12.7,17.3,27.7
2023-02-23 00:00:00,8.4,71,0.2,30.2,3,4.8,271,0.1,0.51,0.01,22.9,7.5,87,38,30.326,29.932,18.4,23,22.9
2023-02-24 00:00:00,18.2,61,5.1,30.2,4.1,6.4,278,0.1,0.51,0,28.5,4.4,88,33,30.313,30.145,23,38,28.5
2023-02-25 00:00:00,36.4,42,14.7,30,7.4,11.5,274,0.12,0.53,0.01,46.1,21.9,76,27,30.251,29.733,17.3,27.6,46.1
2023-02-26 00:00:00,39.8,36,14,29.4,10.9,16.4,271,0.12,0.53,0,48.2,31.1,58,22,29.73,29.166,28.8,44.9,48.2
2023-02-27 00:00:00,28.7,48,11.4,29.6,11.4,16.3,259,0.12,0.53,0,33.3,25,58,39,29.714,29.239,28.8,43.7,33.3
2023-02-28 00:00:00,22.5,68,13.1,29.6,5,7.7,181,0.13,0.54,0.01,29.3,17.5,89,42,29.823,29.463,17.3,29.9,29.3
2022-02-01 00:00:00,17.5,74,9.7,29.8,4,6.2,79,0,0.84,0,30.9,7.6,88,35,30.048,29.581,21.9,31.1,30.9
2022-02-02 00:00:00,0.8,79,5.8,30.3,2.6,3.8,27,0,0.84,0,7.9,18.3,85,74,30.503,30.036,8.1,13.8,7.9
2022-02-03 00:00:00,1.2,69,9.2,30.6,1.7,2.9,336,0.14,0.98,0.01,21,22.5,82,51,30.722,30.492,9.2,15,21
2022-02-04 00:00:00,24.6,41,2.7,30.5,7.7,11.1,232,0.19,1.03,0.01,40.7,4.7,71,24,30.704,30.268,23,31.1,40.7
2022-02-05 00:00:00,29.3,37,6.1,30.1,9.7,14.5,225,0.19,1.03,0,36.6,21.1,54,29,30.271,29.942,24.2,36.8,36.6
2022-02-06 00:00:00,24.3,48,6.3,30.3,4.1,6.5,245,0.19,1.03,0,33.4,12.2,73,25,30.378,30.12,13.8,20.7,33.4
2022-02-07 00:00:00,31.6,38,8.2,30.3,8.5,12.4,227,0.19,1.03,0,45.5,16.3,63,23,30.397,30.034,25.3,34.5,45.5
2022-02-08 00:00:00,36.1,27,4.7,30,13.5,20.5,229,0.19,1.03,0,43.5,31.5,35,16,30.08,29.916,31.1,49.5,43.5
2022-02-09 00:00:00,34.1,41,12.5,30,8.1,11.8,212,0.19,1.03,0,40.6,25,70,27,30.079,29.909,20.7,29.9,40.6
2022-02-10 00:00:00,36.2,48,18.3,29.9,16.1,22.9,201,0.19,1.03,0,43.3,24.3,72,35,30.08,29.632,29.9,43.7,43.3
2022-02-11 00:00:00,26,69,15.8,29.9,7.7,12,174,0.19,1.03,0,38.9,6,90,36,30.361,29.637,27.6,47.2,38.9
2022-02-12 00:00:00,22.1,48,3.2,30.4,10.2,14.4,223,0.2,1.04,0.01,33.8,1,87,25,30.478,30.361,21.9,33.4,33.8
2022-02-13 00:00:00,35.4,30,6.4,30.2,12.4,17.9,228,0.2,1.04,0,43.3,29.2,37,22,30.398,30.084,25.3,34.5,43.3
2022-02-14 00:00:00,39.1,24,5.3,29.9,9.9,14.6,222,0.2,1.04,0,46.7,28.8,38,17,30.094,29.686,21.9,31.1,46.7
2022-02-15 00:00:00,41,21,3.3,29.5,8.5,12.3,226,0.2,1.04,0,50,34.2,30,12,29.686,29.431,19.6,26.5,50
2022-02-16 00:00:00,23.4,78,17,29.6,4.4,7,47,0.2,1.04,0,38.2,10.7,90,27,30.086,29.42,13.8,21.9,38.2
2022-02-17 00:00:00,16.2,63,4.5,30.2,7.6,11,217,0.25,1.09,0.01,29.8,4.1,88,34,30.313,30.084,24.2,39.1,29.8
2022-02-18 00:00:00,28.8,46,10.6,30.2,13.5,19.6,232,0.25,1.09,0,36.2,23.4,53,38,30.252,30.106,25.3,38,36.2
2022-02-19 00:00:00,36.3,38,12.5,29.9,13.5,19.7,222,0.25,1.09,0,42.8,29.6,50,25,30.196,29.663,28.8,40.3,42.8
2022-02-20 00:00:00,38.3,28,7.9,29.6,12.5,17.6,210,0.25,1.09,0,46.2,32.6,35,18,29.73,29.458,31.1,40.3,46.2
2022-02-21 00:00:00,25.4,53,8.2,29.4,6.8,10.8,146,0.25,1.09,0,41.1,2.8,85,29,29.704,29.28,20.7,32.2,41.1
2022-02-22 00:00:00,4.6,78,9.8,30.2,3,4.9,51,0.25,1.09,0,1.7,8.8,81,74,30.584,29.684,10.4,12.7,1.7
2022-02-23 00:00:00,2.9,78,8.1,30.4,2.6,4.2,30,0.25,1.09,0,7.1,8.8,81,70,30.574,30.245,12.7,13.8,7.1
2022-02-24 00:00:00,9.4,60,2.5,30.2,6.5,9.6,231,0.25,1.09,0,21.2,8.4,83,34,30.321,30.131,19.6,27.6,21.2
2022-02-25 00:00:00,12,61,0.1,30.4,5.1,7.3,224,0.26,1.1,0.01,25.2,1.3,84,33,30.451,30.286,18.4,26.5,25.2
2022-02-26 00:00:00,20.3,35,3.7,30.4,8.4,12.1,233,0.27,1.11,0.01,32.4,4.3,79,22,30.475,30.363,19.6,32.2,32.4
2022-02-27 00:00:00,32.8,27,0.4,30.3,7.8,11.4,234,0.35,1.19,0.01,46.4,10.8,53,15,30.443,30.213,18.4,26.5,46.4
2022-02-28 00:00:00,40,25,6.4,30.1,10.6,14.9,222,0.35,1.19,0,47.7,27.1,35,16,30.223,29.99,23,33.4,47.7
2023-03-01 00:00:00,20.4,59,6.4,29.8,3.1,5,185,0,0.95,0,27.4,13.7,90,25,29.83,29.757,12.7,19.6,27.4
2023-03-02 00:00:00,25.6,57,10.9,29.8,7.5,11,155,0.04,0.99,0.01,37.2,10.5,91,32,29.839,29.677,19.6,29.9,37.2
2023-03-03 00:00:00,27.6,50,11.3,29.6,9.5,14,241,0.04,0.99,0,36.4,23,80,36,29.758,29.526,24.2,38,36.4
2023-03-04 00:00:00,26.5,50,8.6,29.8,9.5,13.3,265,0.04,0.99,0,35.7,19.1,75,19,29.868,29.636,24.2,34.5,35.7
2023-03-05 00:00:00,27.2,62,15.2,29.7,7.2,10.1,218,0.04,0.99,0,35.5,4.4,88,38,29.847,29.412,21.9,32.2,35.5
2023-03-06 00:00:00,24.7,68,14.4,30,2.3,4.4,96,0.05,1,0.01,35.1,11.9,91,33,30.038,29.845,11.5,17.3,35.1
2023-03-07 00:00:00,21.6,85,17.6,30.1,2.6,4.9,96,0.05,1,0,28.6,17.8,92,72,30.196,29.961,10.4,16.1,28.6
2023-03-08 00:00:00,23.5,78,17.6,30.1,2.2,4.1,97,0.05,1,0,30.2,19.5,91,63,30.176,29.936,10.4,13.8,30.2
2023-03-09 00:00:00,27.8,55,12,30,8,12.2,256,0.06,1.01,0.01,38.2,18.4,91,28,30.113,29.933,26.5,39.1,38.2
2023-03-10 00:00:00,36.3,58,22.4,29.7,12.6,18.8,263,0.06,1.01,0,44.5,16.4,87,27,30.01,29.449,35.7,54.1,44.5
2023-03-11 00:00:00,34.6,52,17.4,29.6,8.6,13,245,0.08,1.03,0.01,40.7,24.9,92,27,29.812,29.409,26.5,36.8,40.7
2023-03-12 00:00:00,24.7,73,16.9,30,2.6,4.5,74,0.08,1.03,0,32.7,15,86,49,30.115,29.808,10.4,18.4,32.7
2023-03-13 00:00:00,32.3,60,18.6,30,6.5,9.7,245,0.08,1.03,0,45.4,16.6,91,35,30.098,29.905,18.4,29.9,45.4
2023-03-14 00:00:00,39.1,42,17.9,29.8,11,16.2,250,0.08,1.03,0,47.6,33.6,56,31,29.907,29.625,25.3,38,47.6
2023-03-15 00:00:00,43.9,53,27.7,29.5,13.5,20.2,262,0.08,1.03,0,50.1,35.5,80,43,29.665,29.38,27.6,42.6,50.1
2023-03-16 00:00:00,25.9,70,17.2,29.8,4.4,7.2,90,0.09,1.04,0.01,35.5,16.1,89,42,30.142,29.383,13.8,19.6,35.5
2023-03-17 00:00:00,21.7,47,0.8,30.2,3.8,6.4,349,0.09,1.04,0,37.9,6.3,80,12,30.29,30.145,16.1,24.2,37.9
2023-03-18 00:00:00,26.2,24,7.7,30.3,4.5,7.5,333,0.09,1.04,0,39.4,13,43,10,30.308,30.205,20.7,32.2,39.4
2023-03-19 00:00:00,27.7,34,1.4,30.1,8.1,11.9,244,0.09,1.04,0,39.9,7,62,17,30.278,29.848,21.9,32.2,39.9
2023-03-20 00:00:00,35,47,16.1,29.6,4.8,7.3,205,0.09,1.04,0,44.2,28.9,79,35,29.849,29.491,18.4,24.2,44.2
2023-03-21 00:00:00,31.9,52,15.2,29.6,9.6,14,263,0.09,1.04,0,39.8,26.7,93,27,29.726,29.455,25.3,36.8,39.8
2023-03-22 00:00:00,28.2,84,23.7,29.7,3.1,4.8,285,0.3,1.25,0.01,34.6,23.7,92,66,29.863,29.607,16.1,24.2,34.6
2023-03-23 00:00:00,31.2,53,15.5,29.8,7.7,11.5,254,0.49,1.44,0.01,40.4,24.6,77,33,29.891,29.786,18.4,29.9,40.4
2023-03-24 00:00:00,29.9,48,12.1,29.7,7.3,10.8,253,0.49,1.44,0,37.8,22.4,87,32,29.817,29.626,18.4,26.5,37.8
2023-03-25 00:00:00,19.7,39,1.6,29.8,14,21.2,267,0.49,1.44,0,25.6,14.8,87,27,29.974,29.614,28.8,46,25.6
2023-03-26 00:00:00,20.3,43,0.2,30,8.3,12.5,256,0.49,1.44,0,29.6,13.6,87,17,30.065,29.963,19.6,26.5,29.6
2023-03-27 00:00:00,17.3,57,3,30.2,5.7,9.2,278,0.54,1.49,0.01,23.1,13.7,89,32,30.47,30.012,17.3,26.5,23.1
2023-03-28 00:00:00,28.6,29,1,30.2,9,12.7,249,0.55,1.5,0.01,43.1,15.3,45,13,30.457,29.96,18.4,29.9,43.1
2023-03-29 00:00:00,36.4,47,16.3,29.8,4,6.4,41,0.55,1.5,0,51.1,25.4,87,23,29.96,29.597,15,20.7,51.1
2023-03-30 00:00:00,36.4,53,17.7,29.4,6.6,10,275,0.55,1.5,0,52.8,22.5,88,22,29.6,29.289,23,34.5,52.8
2023-03-31 00:00:00,31.9,42,11.2,29.6,20.4,30.2,260,0.55,1.5,0,35.1,29.6,50,36,29.816,27.584,35.7,52.9,35.1
2022-03-01 00:00:00,46.6,36,20.6,30,11.8,16.5,231,0,1.35,0,56.7,39.6,46,26,30.06,29.935,25.3,35.7,56.7
2022-03-02 00:00:00,47.9,35,20.6,29.9,5.6,8.2,226,0,1.35,0,59.4,37.5,53,19,30.004,29.871,17.3,24.2,59.4
2022-03-03 00:00:00,45.1,28,8.2,29.8,4.5,6.7,227,0,1.35,0,61.7,31.4,58,3,29.909,29.686,16.1,25.3,61.7
2022-03-04 00:00:00,41,46,19.8,29.6,4.5,6.8,241,0,1.35,0,52.5,30.2,86,22,29.686,29.435,20.7,27.6,52.5
2022-03-05 00:00:00,26.1,83,21.3,29.6,3.4,5.7,41,0.01,1.36,0.01,35.7,16.5,93,55,29.904,29.419,12.7,17.3,35.7
2022-03-06 00:00:00,13.1,86,9.6,30.1,2.7,4.7,55,0.01,1.36,0,16.6,8.6,91,80,30.345,29.864,10.4,15,16.6
2022-03-07 00:00:00,11.6,78,5.8,30.3,2.4,3.8,22,0.14,1.49,0.01,25.6,4.9,88,48,30.446,30.225,11.5,16.1,25.6
2022-03-08 00:00:00,20.7,43,1.4,30.1,10,14.3,215,0.14,1.49,0,29.7,13.2,58,30,30.228,29.877,19.6,29.9,29.7
2022-03-09 00:00:00,8,78,2.4,29.9,5,7.9,36,0.14,1.49,0,22.8,1.6,88,50,30.154,29.789,17.3,26.5,22.8
2022-03-10 00:00:00,8,58,5.7,30.2,4.3,6.8,249,0.23,1.58,0.01,22.4,6.3,83,25,30.34,30.082,19.6,31.1,22.4
2022-03-11 00:00:00,17.2,41,3,30.3,13,18.5,228,0.23,1.58,0,27.7,3.4,56,25,30.33,30.202,27.6,39.1,27.7
2022-03-12 00:00:00,33.2,47,14.9,30.1,14.5,20.8,225,0.23,1.58,0,44.2,23.1,60,37,30.215,29.923,27.6,41.4,44.2
2022-03-13 00:00:00,38.8,41,16.6,29.7,9.8,14.3,228,0.23,1.58,0,48.1,32,56,28,29.924,29.584,21.9,29.9,48.1
2022-03-14 00:00:00,36.4,37,11.7,30,7.1,10.5,218,0.23,1.58,0,47,26.9,55,21,30.149,29.687,16.1,25.3,47
2022-03-15 00:00:00,42.8,23,6.6,30,10.9,15.6,225,0.23,1.58,0,52.4,30.1,43,12,30.13,29.765,21.9,34.5,52.4
2022-03-16 00:00:00,36.6,64,24.4,29.7,3.1,4.8,181,0.24,1.59,0.01,43.2,29.3,94,35,29.781,29.651,12.7,19.6,43.2
2022-03-17 00:00:00,25.2,88,22,30,1.9,3.5,67,0.34,1.69,0.01,29.3,16.1,94,73,30.189,29.779,10.4,13.8,29.3
2022-03-18 00:00:00,29.1,47,9.4,30.1,8.4,12.4,224,0.4,1.75,0.01,40.4,8.8,91,24,30.177,30.053,20.7,28.8,40.4
2022-03-19 00:00:00,37.4,38,12.6,29.9,7.6,10.9,216,0.4,1.75,0,49.5,25.8,68,20,30.07,29.812,16.1,24.2,49.5
2022-03-20 00:00:00,38.1,43,15.4,29.7,4.5,6.9,230,0.4,1.75,0,52.4,24.9,72,18,29.816,29.579,18.4,28.8,52.4
2022-03-21 00:00:00,30.8,74,23,29.8,2.5,4.3,99,0.44,1.79,0.01,38.5,22,91,48,30.017,29.598,9.2,13.8,38.5
2022-03-22 00:00:00,25.7,55,10.8,30.1,5.5,8.9,320,0.45,1.8,0.01,35.3,14.5,87,35,30.233,30.014,19.6,31.1,35.3
2022-03-23 00:00:00,37,27,4.8,30.1,9.1,14.2,268,0.45,1.8,0,50.8,25.2,47,11,30.213,29.897,24.2,36.8,50.8
2022-03-24 00:00:00,45.4,36,19.4,29.8,9.1,13.7,229,0.45,1.8,0,55.2,37.1,45,26,29.909,29.796,21.9,35.7,55.2
2022-03-25 00:00:00,44.1,44,20,29.9,5.8,9.2,236,0.45,1.8,0,58.4,25.6,89,17,29.993,29.787,19.6,29.9,58.4
2022-03-26 00:00:00,53.5,30,21.5,29.7,6.9,10.8,227,0.45,1.8,0,64.8,38.8,55,18,29.837,29.59,20.7,34.5,64.8
2022-03-27 00:00:00,47.5,42,20.5,29.7,5.1,7.4,205,0.45,1.8,0,65.7,27.6,79,15,29.732,29.596,19.6,26.5,65.7
2022-03-28 00:00:00,52.8,21,13.5,29.5,5.9,8.8,232,0.45,1.8,0,63.2,41.1,34,12,29.65,29.247,18.4,26.5,63.2
2022-03-29 00:00:00,41.2,59,26.9,29.2,6.5,9.7,264,0.51,1.86,0.01,51.4,32.4,90,24,29.527,29.122,21.9,33.4,51.4
2022-03-30 00:00:00,32.5,46,12.1,29.6,6.6,10.5,262,0.51,1.86,0,39.1,24.6,80,21,29.747,29.471,17.3,27.6,39.1
2022-03-31 00:00:00,40.7,29,9.7,29.7,7.6,10.9,208,0.51,1.86,0,52,25.1,59,18,29.767,29.55,18.4,26.5,52
2023-04-01 00:00:00,38.1,36,13,29.8,17,25.4,264,0,1.8,0,47.8,28.7,52,24,29.949,29.623,31.1,42.6,47.8
2023-04-02 00:00:00,42.8,33,14.6,29.5,12.9,18.9,265,0,1.8,0,50,34.2,68,25,29.648,29.423,28.8,40.3,50
2023-04-03 00:00:00,34.4,70,25.4,29.4,3,5.5,101,0,1.8,0,40.8,27,92,56,29.458,29.274,10.4,16.1,40.8
2023-04-04 00:00:00,16.9,87,13.8,29.5,3.3,5.4,89,0.02,1.82,0.01,27,10.3,92,82,29.904,29.267,10.4,15,27
2023-04-05 00:00:00,18.1,61,5.9,30.1,5.5,8.7,276,0.07,1.87,0.01,32.6,6,88,32,30.301,29.903,16.1,26.5,32.6
2023-04-06 00:00:00,24.2,46,4.4,30.3,5.9,8.6,244,0.12,1.92,0.01,38.1,8,76,19,30.361,30.283,17.3,24.2,38.1
2023-04-07 00:00:00,32.2,50,12.4,30.2,4.9,7.2,253,0.12,1.92,0,51.4,9.8,80,23,30.325,30.039,20.7,26.5,51.4
2023-04-08 00:00:00,37,57,21.4,30,4.6,6.8,238,0.12,1.92,0,51,23.6,82,24,30.064,29.937,18.4,26.5,51
2023-04-09 00:00:00,44.5,43,22.4,30,7.9,11.3,252,0.12,1.92,0,55.1,34.5,60,27,30.126,30.007,19.6,27.6,55.1
2023-04-10 00:00:00,52.9,30,20.8,30,4.6,7.4,211,0.12,1.92,0,66.7,34.9,64,19,30.116,29.937,15,26.5,66.7
2023-04-11 00:00:00,52.2,34,18.3,29.8,8.2,12,259,0.12,1.92,0,68,26,83,12,29.971,29.711,23,33.4,68
2023-04-12 00:00:00,56.8,28,22.9,29.5,8.1,12,241,0.12,1.92,0,67.8,37.3,51,16,29.714,29.298,20.7,33.4,67.8
2023-04-13 00:00:00,51.4,34,21.4,29.2,6.9,10.7,252,0.12,1.92,0,61.8,36.6,67,16,29.299,29.158,17.3,29.9,61.8
2023-04-14 00:00:00,33,80,26.3,29.5,3.5,5.8,98,0.28,2.08,0.01,48.4,23.9,94,30,29.813,29.197,18.4,25.3,48.4
2023-04-15 00:00:00,29.3,56,14,30.1,7.5,11.6,270,0.32,2.12,0.01,37.6,20.9,94,32,30.247,29.81,19.6,32.2,37.6
2023-04-16 00:00:00,40.7,34,13.4,30.1,8.4,12.4,264,0.32,2.12,0,53.3,29,63,23,30.227,29.876,20.7,34.5,53.3
2023-04-17 00:00:00,48.1,30,16.1,29.7,6.7,9.9,259,0.32,2.12,0,59.3,29,64,15,29.878,29.505,18.4,26.5,59.3
2023-04-18 00:00:00,44.3,41,18.2,29.4,6.8,10.1,238,0.32,2.12,0,61.4,25.7,76,13,29.523,29.296,24.2,32.2,61.4
2023-04-19 00:00:00,36.3,50,18.9,29.5,9.1,14.1,244,0.34,2.14,0.01,48.1,24.2,88,31,29.775,29.303,20.7,28.8,48.1
2023-04-20 00:00:00,26.6,37,3.5,30,11.6,17.8,268,0.34,2.14,0,34.2,19.1,65,24,30.17,29.763,26.5,40.3,34.2
2023-04-21 00:00:00,27.1,58,13.4,30.1,6.8,11.1,262,0.36,2.16,0.01,35.3,21.8,90,36,30.166,29.991,23,36.8,35.3
2023-04-22 00:00:00,24.3,86,20.8,30.1,2.2,4.1,76,0.44,2.24,0.01,29.8,19.7,91,75,30.175,25.465,10.4,15,29.8
2023-04-23 00:00:00,30.3,69,20.6,30.1,1.3,2.6,79,0.45,2.25,0.01,46.3,11.4,92,46,30.16,29.941,10.4,13.8,46.3
2023-04-24 00:00:00,38.9,59,23.9,29.8,3.3,5.2,174,0.45,2.25,0,51.2,22,91,32,29.942,29.664,13.8,19.6,51.2
2023-04-25 00:00:00,37.1,81,31.2,29.7,3.8,6.1,82,0.61,2.41,0.01,49.9,29.9,96,44,29.902,29.574,15,21.9,49.9
2023-04-26 00:00:00,38.9,82,33.4,29.9,1.5,3.1,91,0.76,2.56,0.04,51.5,31.2,97,53,29.988,29.861,10.4,16.1,51.5
2023-04-27 00:00:00,43.1,55,25.9,29.7,8.5,13.5,274,0.78,2.58,0.01,54.8,30.8,94,28,29.862,29.554,21.9,36.8,54.8
2023-04-28 00:00:00,38.7,55,21.3,30,4.2,6.8,321,0.86,2.66,0.01,52.3,22.9,90,25,30.087,29.845,15,23,52.3
2023-04-29 00:00:00,50.2,35,23,29.9,5.9,9,277,0.86,2.66,0,64.4,39.8,58,23,30.06,29.796,15,21.9,64.4
2023-04-30 00:00:00,44.8,60,30.5,29.8,2.4,4.2,65,0.86,2.66,0,59.7,26.5,90,37,29.827,29.733,11.5,18.4,59.7
2022-04-01 00:00:00,38.5,44,16.1,29.7,7.2,10.8,206,0,1.75,0,48.7,30.5,87,17,29.858,29.516,19.6,29.9,48.7
2022-04-02 00:00:00,46.5,33,18,29.8,7.9,11.9,200,0,1.75,0,56.4,34.6,46,22,29.85,29.657,20.7,28.8,56.4
2022-04-03 00:00:00,38.1,53,21.8,29.7,9,13.8,227,0,1.75,0,46,26.6,75,27,29.767,29.621,19.6,32.2,46
2022-04-04 00:00:00,38.6,47,16.5,29.6,10.5,15.7,227,0,1.75,0,51.5,17.2,88,20,29.777,29.361,31.1,50.6,51.5
2022-04-05 00:00:00,35.9,50,18.7,29.4,10.9,17.2,253,0.04,1.79,0.01,45.9,23,71,34,29.803,29.152,31.1,47.2,45.9
2022-04-06 00:00:00,26.3,35,2.3,30.1,9.1,14.7,264,0.04,1.79,0,35.9,20.3,43,26,30.332,29.801,23,38,35.9
2022-04-07 00:00:00,35.9,22,1.4,30.3,7.7,13,268,0.04,1.79,0,47.7,24.1,38,11,30.342,30.186,19.6,34.5,47.7
2022-04-08 00:00:00,46.1,23,9,30,7.3,11.1,245,0.04,1.79,0,62.3,29.3,36,10,30.204,29.748,19.6,26.5,62.3
2022-04-09 00:00:00,50.4,31,18.9,29.4,10.4,15.3,233,0.09,1.84,0.01,61.9,37.6,84,17,29.748,29.219,23,34.5,61.9
2022-04-10 00:00:00,31.3,45,10.3,29.5,8.9,14.1,255,0.1,1.85,0.01,38.1,24.3,88,22,29.696,29.204,26.5,39.1,38.1
2022-04-11 00:00:00,38.1,31,9.4,29.5,7.4,10.8,229,0.1,1.85,0,50.3,20.3,67,20,29.713,29.09,23,33.4,50.3
2022-04-12 00:00:00,30.7,51,13.5,29.3,10.7,16.3,243,0.12,1.87,0.01,44.4,20,92,30,29.623,28.967,27.6,44.9,44.4
2022-04-13 00:00:00,20.5,47,2.2,29.8,6.1,9.7,254,0.12,1.87,0,26.5,12.4,81,25,30.002,29.619,19.6,34.5,26.5
2022-04-14 00:00:00,29.8,43,9.4,29.9,8.9,12.9,234,0.12,1.87,0,42.4,18,72,26,30.006,29.799,20.7,34.5,42.4
2022-04-15 00:00:00,36.6,50,18.9,29.8,5.2,7.7,231,0.12,1.87,0,51.3,23.4,77,25,29.968,29.694,21.9,32.2,51.3
2022-04-16 00:00:00,35.6,55,19.5,29.8,3.4,5.6,28,0.18,1.93,0.01,50.3,17.3,91,32,29.968,29.716,15,19.6,50.3
2022-04-17 00:00:00,40.8,58,26.9,29.8,10.2,15.3,244,0.2,1.95,0.01,48,33.1,92,44,30.047,29.678,21.9,35.7,48
2022-04-18 00:00:00,37.3,52,19.5,30,3.3,5.8,42,0.2,1.95,0,53.3,18.1,80,30,30.142,29.854,11.5,19.6,53.3
2022-04-19 00:00:00,47.4,39,17.2,29.6,6.2,9.3,229,0.2,1.95,0,66,23.5,82,14,29.854,29.331,23,29.9,66
2022-04-20 00:00:00,48.8,38,23.1,29.5,11.9,17.2,226,0.2,1.95,0,57.1,40.4,65,24,29.717,29.326,26.5,36.8,57.1
2022-04-21 00:00:00,49.4,40,21.1,29.7,3.5,5.7,194,0.2,1.95,0,70.4,26.1,81,8,29.782,29.542,20.7,28.8,74.5
2022-04-22 00:00:00,51.1,33,19,29.3,8,12.1,226,0.2,1.95,0,73.4,33.5,73,7,29.541,29.006,31.1,46,73.8
2022-04-23 00:00:00,37,50,19.3,29.4,14.7,22.2,212,0.2,1.95,0,43.6,29.9,87,33,29.773,29.085,32.2,48.3,43.6
2022-04-24 00:00:00,33.3,66,21.7,30,4.6,7.2,223,0.23,1.98,0.01,42.2,27.2,93,33,30.192,29.772,15,24.2,42.2
2022-04-25 00:00:00,32.3,80,26.6,30.2,1.7,2.9,30,0.41,2.16,0.01,42.2,23.3,92,60,30.273,30.172,11.5,13.8,42.2
2022-04-26 00:00:00,43.3,49,18.7,30,4.7,7.1,230,0.41,2.16,0,62,20.7,94,13,30.233,29.812,17.3,24.2,62
2022-04-27 00:00:00,47.2,43,23.1,29.7,3.4,5.5,222,0.41,2.16,0,65.2,31.6,69,17,29.816,29.588,17.3,24.2,65.2
2022-04-28 00:00:00,45.8,50,25.3,29.6,2.6,4.6,116,0.41,2.16,0,62.4,26,84,21,29.714,29.473,23,34.5,62.4
2022-04-29 00:00:00,41.3,43,19,29.5,9.6,14.9,243,0.41,2.16,0,50.2,31.8,71,25,29.783,29.334,29.9,42.6,50.2
2022-04-30 00:00:00,43.8,35,16.8,29.8,9.3,13.9,224,0.41,2.16,0,57.7,31.9,58,18,29.847,29.76,25.3,40.3,57.7
2023-05-01 00:00:00,47,57,29.6,29.7,2.2,4,77,0,4.44,0,64.5,27.2,94,28,29.801,29.671,12.7,19.6,64.5
2023-05-02 00:00:00,46.1,62,32.7,29.7,2,3.5,98,0,4.44,0,61.7,28.6,91,37,29.788,29.695,13.8,18.4,61.7
2023-05-03 00:00:00,52,45,25,29.7,4,6.2,238,0,4.44,0,69.2,33.7,87,6,29.796,29.588,16.1,23,72.4
2023-05-04 00:00:00,44.6,63,32.5,29.6,3.1,4.9,283,0.02,4.46,0.01,58.7,32.1,84,46,29.691,29.55,18.4,27.6,58.7
2023-05-05 00:00:00,45,55,27.4,29.7,4,6.6,281,0.05,4.49,0.01,59.7,29,94,29,29.728,29.591,23,31.1,59.7
2023-05-06 00:00:00,46,40,21,29.7,8.2,12.2,269,0.05,4.49,0,56.5,29.6,83,21,29.749,29.648,23,34.5,56.5
2023-05-07 00:00:00,45.2,49,26.3,29.8,6.6,9.8,262,0.05,4.49,0,55.4,32.7,69,33,29.834,29.709,19.6,32.2,55.4
2023-05-08 00:00:00,47.2,53,29.7,29.8,2.6,4.4,108,0.05,4.49,0,58.5,30.2,87,24,29.876,29.731,13.8,24.2,58.5
2023-05-09 00:00:00,49.7,55,30.8,29.7,3,5,201,0.06,4.5,0.01,66.3,27.4,90,16,29.82,29.682,15,21.9,66.3
2023-05-10 00:00:00,45.2,87,41.5,29.7,2,3.4,64,0.59,5.03,0.04,54.9,38.5,94,66,29.721,29.609,10.4,18.4,54.9
2023-05-11 00:00:00,42,92,39.8,29.7,2,3.3,341,1.09,5.53,0.01,46.1,38.9,95,84,29.723,29.553,12.7,19.6,46.1
2023-05-12 00:00:00,45.9,73,37,29.8,3.2,5.2,326,1.12,5.56,0.01,56.8,36.9,94,47,29.98,29.721,16.1,24.2,56.8
2023-05-13 00:00:00,43.1,81,37.4,30.1,2,3.6,77,1.19,5.63,0.01,54,33.2,95,47,30.167,29.951,9.2,15,54
2023-05-14 00:00:00,45,91,42.3,30.2,2.4,4.4,86,1.48,5.92,0.01,52.7,40.8,96,73,30.292,30.147,9.2,15,52.7
2023-05-15 00:00:00,46.5,88,42.9,30.2,1.8,3.5,70,1.59,6.03,0.01,54.2,40,96,69,30.297,30.084,10.4,15,54.2
2023-05-16 00:00:00,53.7,57,36.7,29.9,5.5,8.5,301,1.59,6.03,0,68,38.5,90,27,30.093,29.807,24.2,32.2,68
2023-05-17 00:00:00,52.6,59,35.8,29.8,3.3,5.3,281,1.66,6.1,0.01,69.3,34.2,93,23,29.857,29.671,17.3,25.3,76.3
2023-05-18 00:00:00,47.4,85,42.6,29.8,2.6,4.1,31,2.18,6.62,0.03,62,39.9,96,42,29.945,29.685,18.4,25.3,62
2023-05-19 00:00:00,43.5,90,40.8,30.1,1.7,3,68,2.3,6.74,0.01,48.9,40.5,95,76,30.142,29.944,10.4,13.8,48.9
2023-05-20 00:00:00,47.6,83,42.2,30,1.8,3.1,311,2.36,6.8,0.01,62.9,38.3,95,48,30.131,29.958,11.5,15,62.9
2023-05-21 00:00:00,50.2,64,36.1,29.9,2.3,4,55,2.37,6.81,0.01,67.9,32.1,97,31,30.027,29.869,15,19.6,67.9
2023-05-22 00:00:00,51,66,38.5,29.8,1.4,2.7,69,2.37,6.81,0,66.8,33.3,94,34,29.887,29.712,10.4,16.1,66.8
2023-05-23 00:00:00,53.2,66,40,29.8,2.1,3.8,85,2.37,6.81,0,70,35.9,96,26,29.79,29.717,11.5,16.1,77.2
2023-05-24 00:00:00,50.8,73,41.4,29.7,2.6,4.1,333,2.61,7.05,0.04,63.6,37.3,94,37,29.792,29.675,16.1,21.9,63.6
2023-05-25 00:00:00,53,69,42.1,29.7,2.9,5,60,2.62,7.06,0.01,67.9,35.8,96,36,29.761,29.65,13.8,19.6,67.9
2023-05-26 00:00:00,50.2,72,40.9,29.7,2.3,3.9,351,2.64,7.08,0.01,66.4,37.1,95,35,29.79,29.661,19.6,29.9,66.4
2023-05-27 00:00:00,51.9,67,39.3,29.7,2.6,4.3,25,2.67,7.11,0.01,67.9,35.4,96,27,29.778,29.573,16.1,24.2,67.9
2023-05-28 00:00:00,52.4,57,35.3,29.7,4.1,6.4,269,2.67,7.11,0,69,33.7,95,23,29.772,29.667,20.7,34.5,75.6
2023-05-29 00:00:00,54.1,50,32.2,29.7,4.1,6.2,263,2.67,7.11,0,71.3,34,91,19,29.776,29.617,21.9,32.2,76.2
2023-05-30 00:00:00,55.4,48,31.7,29.7,3.7,5.8,264,2.67,7.11,0,74.2,38.7,83,12,29.743,29.566,18.4,24.2,75.5
2023-05-31 00:00:00,53.2,55,35.4,29.6,2.8,4.9,230,2.67,7.11,0,70.6,36.3,84,20,29.691,29.545,17.3,27.6,75.8
2022-05-01 00:00:00,36.8,65,25,29.8,2.5,4.4,44,0.24,5.33,0.01,49.3,21.8,92,36,29.856,29.713,11.5,19.6,49.3
2022-05-02 00:00:00,33,92,30.9,29.8,2.2,4,62,0.47,5.56,0.01,38,29.4,95,81,29.884,29.688,6.9,13.8,38
2022-05-03 00:00:00,39.3,84,34.7,29.7,3.2,5.1,20,0.72,5.81,0.01,53.9,30.2,96,60,29.866,29.593,15,20.7,53.9
2022-05-04 00:00:00,35.8,89,32.7,29.8,1.7,2.8,359,1.21,6.3,0.02,42.4,31.4,96,72,29.952,29.699,10.4,11.5,42.4
2022-05-05 00:00:00,45.3,61,30.2,29.9,5.9,9.2,251,1.21,6.3,0,58.5,29.4,95,33,29.954,29.709,19.6,29.9,58.5
2022-05-06 00:00:00,58.5,31,26.5,29.6,8.5,13,231,1.21,6.3,0,70.5,43.4,62,19,29.708,29.473,20.7,33.4,74.7
2022-05-07 00:00:00,54.4,45,29.7,29.3,8.7,13.2,240,1.21,6.3,0,72.4,33.2,81,17,29.54,29.177,26.5,35.7,75.2
2022-05-08 00:00:00,46.8,72,37.8,29.2,2.5,4.3,218,1.4,6.49,0.01,58.3,36.8,92,46,29.331,29.061,10.4,16.1,58.3
2022-05-09 00:00:00,48,59,33.2,29.3,6.9,11.1,201,1.4,6.49,0,60.5,38.2,86,23,29.61,29.079,21.9,31.1,60.5
2022-05-10 00:00:00,46.8,52,29.5,29.7,2.6,4.9,85,1.4,6.49,0,60,36.6,72,33,29.784,29.607,10.4,15,60
2022-05-11 00:00:00,55.2,44,26.9,29.6,3.4,5.4,235,1.4,6.49,0,74.3,29.8,89,9,29.785,29.49,18.4,31.1,75.1
2022-05-12 00:00:00,45.7,45,21.9,29.6,8.1,12.4,239,1.4,6.49,0,53.9,34.4,84,13,29.845,29.345,27.6,40.3,53.9
2022-05-13 00:00:00,49.3,28,16.3,29.8,11.4,16.8,204,1.4,6.49,0,60.7,38.4,42,12,29.85,29.738,25.3,35.7,60.7
2022-05-14 00:00:00,56.2,26,21.1,29.8,7.3,10.8,233,1.4,6.49,0,68.9,43.3,48,17,29.837,29.685,20.7,29.9,74.1
2022-05-15 00:00:00,54.1,45,32.8,29.8,2.7,5.2,101,1.4,6.49,0,65.5,38.5,68,29,29.871,29.761,8.1,16.1,65.5
2022-05-16 00:00:00,54.8,48,30.8,29.7,2.5,4,216,1.4,6.49,0,78.3,33.6,87,11,29.84,29.595,18.4,28.8,77.1
2022-05-17 00:00:00,54.5,44,30.8,29.7,4.5,7.2,226,1.4,6.49,0,72.6,35.6,74,17,29.796,29.591,25.3,35.7,75.6
2022-05-18 00:00:00,57.7,38,28.2,29.7,4.5,7.2,265,1.4,6.49,0,73.2,41.6,73,11,29.769,29.531,17.3,23,74.9
2022-05-19 00:00:00,63.4,23,24.3,29.2,10.8,16.7,219,1.4,6.49,0,73.2,52.3,42,16,29.53,28.993,29.9,47.2,74.8
2022-05-20 00:00:00,29.1,88,25.8,29.7,3.2,5.7,127,1.56,6.65,0.01,52.3,24.7,94,42,30.052,29,12.7,17.3,52.3
2022-05-21 00:00:00,29.8,86,26,30.2,1.7,3.3,89,1.9,6.99,0.01,38.6,21.6,93,72,30.301,30.052,6.9,11.5,38.6
2022-05-22 00:00:00,36.2,75,28.6,30.1,2,3.4,357,2.09,7.18,0.01,47.2,22.2,94,53,30.289,29.974,10.4,16.1,47.2
2022-05-23 00:00:00,41.1,72,31,29.9,4,6.6,355,2.25,7.34,0.01,53.2,33.1,96,33,30.01,29.792,15,21.9,53.2
2022-05-24 00:00:00,36.8,87,33.1,29.8,1.6,2.9,347,2.66,7.75,0.01,47.6,31.6,95,56,29.985,29.759,11.5,16.1,47.6
2022-05-25 00:00:00,44.5,62,29.5,29.9,2.9,4.9,283,2.87,7.96,0.01,62.2,25,96,30,30.023,29.837,13.8,26.5,62.2
2022-05-26 00:00:00,56.1,41,27.9,29.8,3.9,6.4,281,2.87,7.96,0,74.2,33.3,84,11,29.874,29.743,12.7,19.6,75.4
2022-05-27 00:00:00,58.3,43,31.8,29.6,4.3,6.8,256,2.87,7.96,0,75.3,38,80,16,29.783,29.536,23,35.7,76
2022-05-28 00:00:00,55.9,42,28.9,29.4,5.8,8.8,256,2.87,7.96,0,70.3,38.3,81,15,29.593,29.27,27.6,40.3,75.1
2022-05-29 00:00:00,48.4,64,35.5,29.2,4.5,7.2,257,3.04,8.13,0.01,61.2,40,92,33,29.335,29.097,17.3,26.5,61.2
2022-05-30 00:00:00,42.4,57,27.5,29.4,9.6,14.5,265,3.05,8.14,0.01,50.5,34.1,87,36,29.71,29.273,26.5,43.7,50.5
2022-05-31 00:00:00,39.9,69,29.6,29.9,3,5.1,69,3.37,8.46,0.01,52.6,27.5,94,36,30.117,29.675,10.4,19.6,52.6
2023-06-01 00:00:00,50.7,70,40.9,29.6,3.3,5.3,296,0.55,9.7,0.04,64.9,42.4,95,41,29.642,29.511,15,28.8,64.9
2023-06-02 00:00:00,49.9,75,41.5,29.7,3.5,5.5,289,0.98,10.13,0.01,60.1,42.7,95,47,29.75,29.606,13.8,20.7,60.1
2023-06-03 00:00:00,48.1,85,43.9,29.8,1.9,3.6,91,1.06,10.21,0.01,59,42.3,94,66,29.901,29.713,9.2,12.7,59
2023-06-04 00:00:00,47.2,92,44.9,29.9,0.7,1.4,246,1.98,11.13,0.01,51.5,42.8,95,83,29.969,29.873,6.9,10.4,51.5
2023-06-05 00:00:00,48.6,88,45.1,29.9,1.1,2.2,123,2.3,11.45,0.03,59.8,41.4,97,62,29.967,29.862,10.4,17.3,59.8
2023-06-06 00:00:00,50.8,78,43.4,29.8,2,3.4,353,2.34,11.49,0.01,66.4,35,97,46,29.914,29.756,11.5,19.6,66.4
2023-06-07 00:00:00,48.5,85,43.7,29.7,1.4,2.4,289,2.75,11.9,0.02,63.4,37.9,96,51,29.791,29.685,8.1,11.5,63.4
2023-06-08 00:00:00,53.5,75,45.1,29.8,1.9,3.3,40,2.87,12.02,0.01,66.8,39.8,97,49,29.81,29.716,13.8,18.4,66.8
2023-06-09 00:00:00,54.6,69,42.8,29.7,1.2,2.3,15,2.9,12.05,0.01,69.4,43,96,26,29.76,29.645,6.9,12.7,77.2
2023-06-10 00:00:00,51.4,74,42.8,29.7,1.7,3.1,38,3,12.15,0.01,65.4,37.5,95,43,29.8,29.646,15,20.7,65.4
2023-06-11 00:00:00,48.2,86,44,29.8,1.6,2.9,128,3.05,12.2,0.01,56.1,38.3,96,70,29.847,29.778,8.1,12.7,56.1
2023-06-12 00:00:00,48.9,85,44.5,29.7,1.4,2.7,83,3.08,12.23,0.01,60.1,43.7,96,61,29.836,29.664,8.1,13.8,60.1
2023-06-13 00:00:00,47.5,85,43,29.7,1.4,2.3,68,3.48,12.63,0.03,59,41.7,96,57,29.795,29.693,17.3,23,59
2023-06-14 00:00:00,52.7,65,39.9,29.6,4.5,7.2,276,3.49,12.64,0.01,67,37.3,97,38,29.752,29.544,17.3,29.9,67
2023-06-15 00:00:00,53.7,67,42.4,29.6,3.9,6.4,278,4.31,13.46,0.07,66,44.5,96,43,29.738,29.501,16.1,25.3,66
2023-06-16 00:00:00,47.2,91,44.6,29.8,2.2,3.9,56,4.39,13.54,0.01,57.8,42.2,98,68,29.938,29.721,12.7,17.3,57.8
2023-06-17 00:00:00,49,71,38.8,29.8,3.5,5.6,252,4.47,13.62,0.01,61.9,37.6,97,35,29.904,29.73,19.6,26.5,61.9
2023-06-18 00:00:00,59.4,46,37.7,29.6,6.1,9.7,206,4.47,13.62,0,71.7,43.9,74,30,29.736,29.459,19.6,32.2,77.1
2023-06-19 00:00:00,63.3,42,36.5,29.5,4.4,7.5,253,4.47,13.62,0,78.2,44.7,77,18,29.52,29.404,16.1,26.5,77.9
2023-06-20 00:00:00,64.5,31,30.5,29.5,4.4,7.5,251,4.47,13.62,0,76.5,48.7,71,15,29.65,29.466,15,26.5,77.3
2023-06-21 00:00:00,56.9,71,46.9,29.7,2.9,5,54,4.48,13.63,0.01,72.3,38.7,93,29,29.752,29.638,15,21.9,77.4
2023-06-22 00:00:00,57.3,78,50.3,29.7,2.4,4.5,101,4.49,13.64,0.01,70.7,46.3,96,55,29.768,29.643,12.7,19.6,76.7
2023-06-23 00:00:00,59,62,41.5,29.6,3.1,5.6,106,4.5,13.65,0.01,72.2,40,97,13,29.703,29.486,12.7,23,77.3
2023-06-24 00:00:00,60.8,29,26.5,29.7,7.3,12,271,4.5,13.65,0,73.1,43.9,71,17,29.829,29.596,23,34.5,75.6
2023-06-25 00:00:00,57,64,43.3,29.8,2.6,4.8,77,4.5,13.65,0,70.1,38.3,93,31,29.839,29.737,12.7,18.4,77.5
2023-06-26 00:00:00,61.7,50,34.4,29.7,4.9,7.7,239,4.5,13.65,0,79.4,38.5,96,8,29.775,29.564,20.7,32.2,78.9
2023-06-27 00:00:00,64.2,33,27.3,29.5,7.7,11.9,255,4.5,13.65,0,79,43.1,77,9,29.586,29.452,26.5,44.9,77.5
2023-06-28 00:00:00,60.9,46,36.4,29.6,4.6,7.3,228,4.5,13.65,0,79.1,42.4,78,11,29.636,29.532,20.7,29.9,78.1
2023-06-29 00:00:00,59.4,69,48.4,29.7,3.1,5.5,103,4.5,13.65,0,71.7,47.9,91,39,29.8,29.592,16.1,25.3,77.4
2023-06-30 00:00:00,51.4,76,43.7,29.8,2.7,4.5,319,4.75,13.9,0.02,66.1,43.2,93,50,29.94,29.714,16.1,23,66.1
2022-06-01 00:00:00,40.5,86,36.5,30.1,1.7,3.1,52,0.13,6.21,0.01,53.5,32.1,96,65,30.128,29.993,10.4,17.3,53.5
2022-06-02 00:00:00,47.5,74,39.1,29.9,2.3,4.3,85,0.14,6.22,0.01,60.7,29.7,96,49,30.047,29.811,13.8,19.6,60.7
2022-06-03 00:00:00,51.3,68,39.7,29.7,2.7,4.6,284,0.16,6.24,0.01,69.2,35.5,96,30,29.84,29.593,20.7,36.8,77.4
2022-06-04 00:00:00,55,56,36.1,29.6,3.5,5.5,273,0.16,6.24,0,74.2,34.5,95,18,29.703,29.539,20.7,28.8,76.5
2022-06-05 00:00:00,56.6,54,38.3,29.5,3.6,5.8,287,0.16,6.24,0,73.4,39.6,86,25,29.549,29.457,18.4,31.1,77.1
2022-06-06 00:00:00,56.2,57,40.1,29.6,4.7,7.9,277,0.31,6.39,0.01,72.1,42.8,86,27,29.645,29.469,20.7,40.3,77.5
2022-06-07 00:00:00,56.9,57,38.7,29.7,4.6,7.5,344,0.31,6.39,0,72.6,40.3,93,19,29.818,29.617,18.4,28.8,76.3
2022-06-08 00:00:00,54,63,40.8,29.8,2.1,4,102,0.31,6.39,0,66,39.6,87,41,29.834,29.738,10.4,16.1,66
2022-06-09 00:00:00,61.4,48,36.9,29.7,4.5,7.5,297,0.31,6.39,0,80.8,39.5,89,17,29.782,29.656,18.4,29.9,79
2022-06-10 00:00:00,64.6,45,38.1,29.7,3.8,6.6,295,0.31,6.39,0,83.3,41,90,18,29.73,29.583,18.4,26.5,80.7
2022-06-11 00:00:00,65.3,46,39.8,29.6,3.4,5.8,282,0.36,6.44,0.02,86,43.3,81,14,29.65,29.462,17.3,26.5,82.7
2022-06-12 00:00:00,68.7,37,35.1,29.4,5.7,8.6,252,0.36,6.44,0,84.3,46,81,11,29.524,29.269,19.6,28.8,81.3
2022-06-13 00:00:00,74.7,14,22.5,29.1,9.1,14.5,269,0.36,6.44,0,83.2,65.6,24,9,29.271,29.034,19.6,32.2,80.5
2022-06-14 00:00:00,60.3,32,28.1,29.3,10.8,16.7,262,0.36,6.44,0,67.6,48.1,63,14,29.553,29.096,26.5,42.6,67.6
2022-06-15 00:00:00,59.2,26,19.4,29.7,8.7,13.1,256,0.36,6.44,0,74.8,42.6,73,9,29.828,29.543,21.9,34.5,74.8
2022-06-16 00:00:00,62.1,38,33.6,29.8,2.4,4.5,118,0.36,6.44,0,79.2,34.6,66,10,29.904,29.741,12.7,19.6,78.5
2022-06-17 00:00:00,62.3,64,48.9,29.6,2.8,4.6,280,0.44,6.52,0.01,80.8,48.4,90,28,29.784,29.54,20.7,29.9,80.8
2022-06-18 00:00:00,67,45,43,29.6,4.7,7.9,260,0.44,6.52,0,78.9,49.2,88,22,29.634,29.484,13.8,25.3,78.3
2022-06-19 00:00:00,63.2,54,44.9,29.5,4.6,7.5,279,0.74,6.82,0.05,79.5,52.7,91,25,29.548,29.424,20.7,29.9,78.8
2022-06-20 00:00:00,59.9,42,29.6,29.7,6,9.3,258,0.74,6.82,0,71.1,44.6,88,8,29.851,29.53,26.5,40.3,76.7
2022-06-21 00:00:00,58.5,36,30.2,29.9,3.8,6.7,165,0.74,6.82,0,69.1,40,62,17,30.009,29.82,17.3,26.5,76.2
2022-06-22 00:00:00,58.8,41,31.3,29.9,2.1,3.7,79,0.74,6.82,0,74.1,38.6,78,14,30.014,29.804,11.5,18.4,76.4
2022-06-23 00:00:00,62.6,39,33.9,29.7,3.1,5.1,272,0.74,6.82,0,78.2,40.5,75,16,29.82,29.613,17.3,26.5,77.7
2022-06-24 00:00:00,63.6,42,39.9,29.6,6.1,9.7,266,0.74,6.82,0,74.7,55,62,25,29.703,29.549,16.1,27.6,77.5
2022-06-25 00:00:00,54.9,66,43.4,29.9,3.2,5.3,45,0.74,6.82,0,64.5,48.7,87,48,30.111,29.702,12.7,17.3,64.5
2022-06-26 00:00:00,50.8,82,45.4,30.1,2.6,4.3,35,0.84,6.92,0.01,58.9,45.8,92,62,30.169,30.049,12.7,20.7,58.9
2022-06-27 00:00:00,57.1,60,40.8,30.1,2.7,4.6,345,0.86,6.94,0.01,75.3,37.8,97,27,30.151,29.967,12.7,20.7,77.4
2022-06-28 00:00:00,62.5,45,36.5,29.9,3.1,5.1,302,0.86,6.94,0,82.2,38.6,86,15,30.016,29.814,11.5,25.3,79.9
2022-06-29 00:00:00,64.6,46,41.4,29.8,4.7,7.5,262,1,7.08,0.01,79.3,50,93,25,29.867,29.651,17.3,26.5,78.7
2022-06-30 00:00:00,62,52,43.9,29.8,7.2,11.2,264,1,7.08,0,69.5,50.7,92,40,29.83,29.684,17.3,28.8,77.5
2023-07-01 00:00:00,54.5,72,43.6,29.9,2.4,4,4,0.52,12.01,0.02,74.4,36.7,96,24,29.975,29.834,15,23,77.5
2023-07-02 00:00:00,62.5,55,42.8,29.8,3.1,5.2,310,0.53,12.02,0.01,81.8,42.1,96,20,29.917,29.688,12.7,24.2,80.1
2023-07-03 00:00:00,63.2,49,39.9,29.7,2.8,5,281,0.53,12.02,0,83.3,41,90,16,29.768,29.611,13.8,21.9,80.8
2023-07-04 00:00:00,58,68,46.4,29.7,2.6,4.7,97,1.02,12.51,0.07,70.1,49.4,95,40,29.897,29.616,12.7,19.6,77.5
2023-07-05 00:00:00,53,90,50,29.9,2.3,4,67,1.1,12.59,0.01,60.6,47.6,97,75,29.952,29.795,10.4,13.8,60.6
2023-07-06 00:00:00,58.2,71,47.7,29.8,3.2,5.5,297,1.2,12.69,0.01,74.1,47.2,94,30,29.915,29.679,13.8,21.9,77.4
2023-07-07 00:00:00,53.5,82,47.7,29.7,2.6,4.3,33,1.29,12.78,0.01,67,41.8,94,54,29.844,29.663,16.1,24.2,67
2023-07-08 00:00:00,56.2,81,50.3,29.7,3.2,5.1,16,1.48,12.97,0.01,69.1,47.6,95,52,29.845,29.649,21.9,28.8,77.1
2023-07-09 00:00:00,58.7,76,50.6,29.8,2.1,3.7,49,1.6,13.09,0.01,70.8,42.8,96,47,29.833,29.733,10.4,16.1,77.4
2023-07-10 00:00:00,62.5,58,44.3,29.7,2.2,3.9,291,1.6,13.09,0,80.9,43.5,96,23,29.78,29.665,17.3,28.8,79.7
2023-07-11 00:00:00,65.5,43,36.4,29.7,3.8,6.5,282,1.6,13.09,0,85,43.6,86,13,29.734,29.638,19.6,32.2,81.9
2023-07-12 00:00:00,64,47,40.8,29.7,2.6,4.4,273,1.62,13.11,0.01,81.7,43.8,80,17,29.746,29.638,19.6,26.5,80
2023-07-13 00:00:00,67.9,45,43,29.6,3.1,5.1,294,1.62,13.11,0,80.9,49.6,82,12,29.696,29.348,16.1,21.9,79.8
2023-07-14 00:00:00,57.3,78,50.2,29.6,1,1.9,42,1.62,13.11,0,76.3,53.6,85,29,29.761,25.485,3.5,4.6,77.3
2023-07-15 00:00:00,60.3,70,49.7,29.8,2.3,4,47,1.63,13.12,0.01,73.9,45.4,96,45,29.856,29.701,19.6,25.3,77.3
2023-07-16 00:00:00,64.9,48,41.1,29.8,2.9,5.1,310,1.63,13.12,0,82.4,41.1,89,17,29.898,29.756,10.4,18.4,80.2
2023-07-17 00:00:00,68.2,40,39.3,29.7,2.7,4.8,307,1.63,13.12,0,89.6,45.4,78,11,29.772,29.6,18.4,29.9,85.9
2023-07-18 00:00:00,68.4,42,42.1,29.7,3.7,6.4,302,1.63,13.12,0,85.2,46.9,74,22,29.751,29.652,15,25.3,82.4
2023-07-19 00:00:00,66.8,52,48.3,29.7,3.2,5.2,338,1.63,13.12,0,76.5,58.8,74,36,29.88,29.668,12.7,18.4,78
2023-07-20 00:00:00,59.7,81,53.5,29.9,4.1,6.6,42,2.13,13.62,0.05,71,51.3,95,56,29.979,29.783,19.6,26.5,76.5
2023-07-21 00:00:00,58.1,72,47.8,29.9,2.9,4.9,23,2.24,13.73,0.04,74.1,42.1,96,38,29.991,29.87,23,35.7,77.4
2023-07-22 00:00:00,61.4,62,46.3,29.9,1.6,3,28,2.24,13.73,0,78.5,42.9,92,30,29.967,29.814,9.2,12.7,79
2023-07-23 00:00:00,65.9,51,42,29.8,2.8,4.7,326,2.24,13.73,0,90.3,43,91,12,29.861,29.762,15,24.2,86.3
2023-07-24 00:00:00,68.9,49,47.4,29.8,2.2,3.7,13,2.27,13.76,0.01,84.6,51.8,72,22,29.813,29.698,12.7,19.6,82
2023-07-25 00:00:00,67,53,46.6,29.8,3.6,5.8,270,2.27,13.76,0,84.1,51.1,84,22,29.807,29.727,16.1,26.5,81.6
2023-07-26 00:00:00,68.8,48,47.2,29.7,4.4,6.9,282,2.32,13.81,0.01,87.4,59.5,79,26,29.792,29.649,16.1,23,85.3
2023-07-27 00:00:00,69.2,44,44.8,29.7,4.1,6.6,275,2.34,13.83,0.01,83.6,55.1,80,24,29.771,29.645,13.8,20.7,81.4
2023-07-28 00:00:00,65.2,59,48.4,29.8,2.7,4.4,226,2.36,13.85,0.01,84.2,49.7,91,21,29.902,29.711,11.5,18.4,81.6
2023-07-29 00:00:00,63.7,64,49.8,29.9,3.2,5.1,21,2.36,13.85,0,80.7,45.2,92,25,29.916,29.831,16.1,24.2,79.6
2023-07-30 00:00:00,68.5,53,48.5,29.8,3.9,6.2,282,2.36,13.85,0,85.6,49.2,92,23,29.902,29.704,15,20.7,83.3
2023-07-31 00:00:00,68.9,54,50.8,29.7,2.9,4.8,48,2.36,13.85,0,81.3,58.4,82,32,29.78,29.655,11.5,17.3,80.7
2022-07-01 00:00:00,61.3,60,46.6,29.8,3.3,5.5,51,0.02,7.6,0.01,73.7,44.2,93,39,29.829,29.702,15,20.7,77.4
2022-07-02 00:00:00,63.2,55,45.2,29.7,2.9,5.1,80,0.03,7.61,0.01,76.6,43.1,89,31,29.778,29.678,13.8,19.6,77.9
2022-07-03 00:00:00,57.7,70,46.2,29.6,4,6.4,259,0.09,7.67,0.01,84.3,48.8,88,22,29.695,29.573,19.6,27.6,81.9
2022-07-04 00:00:00,68.7,47,44.6,29.6,5.1,8.1,228,0.09,7.67,0,85,46.8,95,19,29.628,29.531,19.6,26.5,82.2
2022-07-05 00:00:00,60.8,62,46.3,29.7,3.3,5.4,268,0.39,7.97,0.06,81.1,49,83,24,29.739,29.588,26.5,33.4,79.8
2022-07-06 00:00:00,59.4,79,52.4,29.7,2.8,4.5,36,0.43,8.01,0.01,70.5,53,93,51,29.79,29.688,13.8,19.6,76.9
2022-07-07 00:00:00,63.1,64,48.6,29.8,2.9,4.8,288,0.63,8.21,0.01,79.4,47.2,94,25,29.859,29.745,11.5,19.6,78.8
2022-07-08 00:00:00,63.2,63,46.9,29.9,2.3,3.9,65,0.64,8.22,0.01,81.7,45.9,94,18,29.896,29.811,13.8,19.6,80.2
2022-07-09 00:00:00,69.2,46,40.1,29.9,2.7,4.6,266,0.65,8.23,0.01,89.7,46.1,92,10,29.926,29.79,13.8,20.7,85.7
2022-07-10 00:00:00,69,38,39.8,29.7,4.1,6.7,272,0.65,8.23,0,86.7,48.3,72,18,29.807,29.694,20.7,31.1,83.7
2022-07-11 00:00:00,66.1,53,47.7,29.7,4.4,7.5,96,0.65,8.23,0,72.6,56,80,31,29.821,29.648,15,24.2,77.4
2022-07-12 00:00:00,64.3,57,45.5,29.8,2.5,4.4,48,0.65,8.23,0,83,44.9,96,23,29.859,29.693,17.3,25.3,80.9
2022-07-13 00:00:00,66.4,48,42.8,29.8,4.3,6.7,296,0.69,8.27,0.01,87.3,45.1,82,18,29.799,29.682,16.1,20.7,84.1
2022-07-14 00:00:00,71.8,44,47.3,29.7,5.2,8.3,287,0.99,8.57,0.02,87.9,63.8,79,21,29.776,29.65,17.3,26.5,84.7
2022-07-15 00:00:00,68.2,58,51.7,29.8,2.4,4.2,27,0.99,8.57,0,84.9,54.9,84,27,29.826,29.708,16.1,21.9,83.9
2022-07-16 00:00:00,64.1,72,54.1,29.7,2.7,4.3,287,1.16,8.74,0.01,77.2,53.8,95,37,29.818,29.699,12.7,20.7,78.3
2022-07-17 00:00:00,67.6,55,47.3,29.8,1.9,3.5,88,1.16,8.74,0,84.1,46,95,26,29.856,29.711,12.7,19.6,82.1
2022-07-18 00:00:00,71,45,46.1,29.6,5.6,8.9,263,1.16,8.74,0,88.2,53.3,77,23,29.725,29.57,19.6,28.8,85.2
2022-07-19 00:00:00,74.3,38,45.7,29.6,4.5,7.4,296,1.16,8.74,0,90.1,61.3,61,22,29.646,29.544,16.1,25.3,87
2022-07-20 00:00:00,70.8,40,43.6,29.6,3.9,6.5,301,1.16,8.74,0,87.6,54.9,64,20,29.674,29.607,15,24.2,84.4
2022-07-21 00:00:00,69.3,36,38.1,29.7,3.4,5.8,296,1.16,8.74,0,87.8,46.7,68,17,29.723,29.592,13.8,23,84.2
2022-07-22 00:00:00,68,34,37.1,29.6,2.2,3.8,161,1.16,8.74,0,83.3,49.8,54,17,29.705,29.593,17.3,29.9,80.7
2022-07-23 00:00:00,64.7,54,45.4,29.6,3.5,5.7,265,1.37,8.95,0.01,83.1,51.2,94,23,29.792,29.576,20.7,33.4,80.8
2022-07-24 00:00:00,56.2,90,53,29.8,1.6,2.8,66,1.46,9.04,0.01,66.5,46.7,97,69,29.898,29.736,20.7,28.8,66.5
2022-07-25 00:00:00,65.5,58,45.6,29.7,2.6,4.4,282,1.48,9.06,0.01,82,47.1,97,15,29.855,29.615,13.8,19.6,80.3
2022-07-26 00:00:00,61.7,63,48.9,29.7,2.8,4.8,58,1.49,9.07,0.01,75.7,48.9,78,42,29.821,29.643,12.7,19.6,77.9
2022-07-27 00:00:00,64.7,67,51.8,29.7,4,6.7,47,1.49,9.07,0,79.7,47.5,95,21,29.814,29.647,13.8,21.9,79
2022-07-28 00:00:00,56.7,87,52.7,29.8,1.4,2.5,327,1.5,9.08,0.01,66.3,49.5,97,62,29.876,29.761,12.7,19.6,66.3
2022-07-29 00:00:00,59.5,71,49.3,29.8,2.2,3.7,285,1.51,9.09,0.01,72.3,48.3,95,39,29.879,29.793,11.5,18.4,77.5
2022-07-30 00:00:00,62,61,45.5,29.8,2.3,3.9,338,1.51,9.09,0,80.1,41.9,96,26,29.872,29.758,21.9,34.5,79.5
2022-07-31 00:00:00,62.5,63,48.9,29.8,2.1,3.4,333,1.51,9.09,0,76.9,51.2,83,33,29.856,29.75,13.8,20.7,78
2023-08-01 00:00:00,63.5,69,51.3,29.7,4.4,7,266,0.45,15.72,0.02,80.8,55.1,93,32,29.815,29.667,17.3,24.2,79.9
2023-08-02 00:00:00,63.6,68,52.2,29.8,3.2,5.3,294,0.69,15.96,0.01,74.1,56,91,44,29.826,29.711,17.3,25.3,77.4
2023-08-03 00:00:00,61.2,72,50.4,29.7,3.5,5.8,300,0.86,16.13,0.01,76.4,49,97,32,29.799,29.659,13.8,24.2,78.1
2023-08-04 00:00:00,61.2,60,44.5,29.8,3.3,5.5,275,0.89,16.16,0.01,77.2,45.6,96,27,29.812,29.699,18.4,32.2,77.8
2023-08-05 00:00:00,58.9,61,43.1,29.8,4.1,6.4,273,0.89,16.16,0,78.7,41.4,92,24,29.942,29.762,21.9,33.4,78.3
2023-08-06 00:00:00,52,92,49.7,29.9,2.1,3.6,65,0.9,16.17,0.01,57,45.5,96,80,29.987,29.846,9.2,13.8,57
2023-08-07 00:00:00,54.6,71,43.6,29.9,3.6,6.2,292,0.9,16.17,0,74.5,39,98,33,29.983,29.813,20.7,39.1,77.4
2023-08-08 00:00:00,56.4,68,44.2,29.8,2.1,3.6,63,0.9,16.17,0,73.3,39.9,96,29,29.872,29.666,12.7,18.4,77.5
2023-08-09 00:00:00,58.5,62,43.8,29.7,2.9,5.1,268,0.9,16.17,0,72.3,42.5,93,31,29.749,29.645,15,20.7,77.5
2023-08-10 00:00:00,60.5,56,41.4,29.7,3.9,6.4,272,0.9,16.17,0,79.4,44.1,93,22,29.711,29.625,21.9,31.1,78.5
2023-08-11 00:00:00,67.5,42,43.1,29.6,4.9,7.9,261,0.9,16.17,0,82.6,56.8,63,21,29.699,29.595,15,23,80.6
2023-08-12 00:00:00,63.3,58,48.2,29.7,1.7,2.8,319,0.9,16.17,0,72,55.8,79,42,29.727,29.649,6.9,12.7,77.1
2023-08-13 00:00:00,57,67,45.8,29.8,2.6,4.5,58,0.9,16.17,0,63.8,50.3,79,49,30.031,29.675,10.4,15,63.8
2023-08-14 00:00:00,55.4,66,43.4,30.1,1.7,3.3,88,0.9,16.17,0,68.2,38.8,94,44,30.14,30.01,10.4,18.4,77.4
2023-08-15 00:00:00,61.5,54,40,30,1.7,3.1,103,0.9,16.17,0,83.9,38,95,15,30.064,29.863,12.7,16.1,81.3
2023-08-16 00:00:00,66.9,47,42.9,29.8,3.1,5.1,282,0.9,16.17,0,86.4,44.4,83,19,29.873,29.662,13.8,21.9,83.5
2023-08-17 00:00:00,65.7,55,47.6,29.7,2.1,4,105,0.9,16.17,0,81.7,46.3,82,27,29.78,29.64,12.7,19.6,80.6
2023-08-18 00:00:00,71.4,42,47,29.6,7.4,12,266,0.91,16.18,0.01,83.6,64.9,57,31,29.644,29.485,18.4,27.6,82
2023-08-19 00:00:00,65.3,59,49.1,29.7,3.4,5.5,265,1.25,16.52,0.04,82,53,91,24,29.828,29.591,24.2,34.5,80.2
2023-08-20 00:00:00,63.9,69,52.3,29.8,1.7,3.2,62,1.25,16.52,0,78.1,47.8,96,39,29.893,29.773,10.4,19.6,79
2023-08-21 00:00:00,66.5,48,40.9,29.8,2.5,4.4,213,1.25,16.52,0,88.2,43.2,89,11,29.878,29.751,12.7,19.6,84.5
2023-08-22 00:00:00,69.9,38,41.8,29.7,3.3,5.9,236,1.25,16.52,0,81.6,53.5,65,24,29.792,29.676,11.5,18.4,80
2023-08-23 00:00:00,65.2,54,46.7,29.8,2.3,4,278,1.27,16.54,0.01,79.5,49.3,80,28,29.813,29.726,12.7,17.3,79.3
2023-08-24 00:00:00,63.4,69,52.2,29.7,2.5,4.2,294,1.66,16.93,0.01,79.6,55.4,94,37,29.816,29.65,13.8,19.6,79.6
2023-08-25 00:00:00,54.2,94,52.3,29.9,1.1,2.1,40,1.97,17.24,0.01,57.5,51.3,97,85,30.077,29.761,8.1,16.1,57.5
2023-08-26 00:00:00,56.5,89,53.2,30,1,2.1,78,2.02,17.29,0.01,66.4,50.1,97,71,30.058,29.902,6.9,11.5,66.4
2023-08-27 00:00:00,58,85,52.6,29.9,1.7,3,349,2.99,18.26,0.05,76,47.4,98,40,29.924,29.797,15,19.6,78
2023-08-28 00:00:00,53.6,89,50.2,29.9,1.7,3.1,11,3.79,19.06,0.07,66.3,45.3,98,63,30.063,29.875,21.9,29.9,66.3
2023-08-29 00:00:00,55.3,76,46.7,30,1.1,2.3,89,3.81,19.08,0.01,69.6,39.6,98,48,30.126,29.941,6.9,13.8,77.3
2023-08-30 00:00:00,62.6,56,42.2,29.8,4.2,6.6,250,3.81,19.08,0,81.5,41.3,97,22,29.941,29.613,17.3,27.6,79.9
2023-08-31 00:00:00,63.5,46,37.7,29.6,3.5,5.5,245,3.81,19.08,0,82.6,42.8,84,13,29.667,29.591,17.3,24.2,80.2
2022-08-01 00:00:00,64.8,62,49.3,29.7,3.5,5.6,279,0,7.64,0,82.7,48.7,87,25,29.819,29.665,15,21.9,81.2
2022-08-02 00:00:00,67.4,52,48.6,29.6,5.7,9.1,260,0,7.64,0,79,55.3,76,33,29.679,29.563,21.9,33.4,79
2022-08-03 00:00:00,64.7,63,51.2,29.7,2.9,4.6,19,0,7.64,0,77.6,52.8,85,42,29.762,29.585,12.7,17.3,78.7
2022-08-04 00:00:00,66,59,48.4,29.7,1.6,2.8,310,0,7.64,0,83.6,47.1,94,25,29.784,29.639,10.4,15,81.7
2022-08-05 00:00:00,67.1,56,49,29.6,3.6,6,246,0,7.64,0,86,49.9,84,27,29.685,29.581,17.3,25.3,83.5
2022-08-06 00:00:00,68.7,55,50.5,29.6,3.5,6.1,230,0,7.64,0,83.2,54.8,85,23,29.681,29.568,17.3,24.2,81.4
2022-08-07 00:00:00,63,70,51.4,29.8,3.9,6.3,42,0,7.64,0,81.8,48.5,92,25,29.892,29.64,15,20.7,81.3
2022-08-08 00:00:00,64.2,62,48.5,29.8,2.4,4.3,68,0,7.64,0,78.7,46.5,97,33,29.884,29.754,12.7,17.3,79.1
2022-08-09 00:00:00,66.6,49,43.6,29.8,2.1,4,97,0,7.64,0,82.6,45.7,86,20,29.866,29.78,12.7,18.4,80.4
2022-08-10 00:00:00,66.8,47,42.8,29.9,1.9,3.8,144,0,7.64,0,82.3,47.1,85,20,29.912,29.819,9.2,15,80.2
2022-08-11 00:00:00,66,51,45.7,29.8,2.8,4.8,267,0,7.64,0,86.4,47,79,26,29.859,29.725,12.7,18.4,83.9
2022-08-12 00:00:00,67,50,46.1,29.8,2.6,4.5,62,0,7.64,0,83.1,48.1,83,30,29.84,29.743,13.8,19.6,81.6
2022-08-13 00:00:00,63.2,67,50.8,29.8,2.4,4.2,332,0.02,7.66,0.01,81.4,50.7,93,29,29.82,29.686,16.1,26.5,80.4
2022-08-14 00:00:00,60.9,78,52.4,29.8,2.4,3.8,326,0.04,7.68,0.01,83.2,47.6,97,30,29.823,29.716,17.3,23,81.8
2022-08-15 00:00:00,60.1,79,53.3,29.8,2.6,4.3,356,0.05,7.69,0.01,74.3,52.7,95,46,29.844,29.696,16.1,20.7,77.4
2022-08-16 00:00:00,57.7,85,53,29.9,0.9,1.8,311,0.05,7.69,0,65.9,52.8,97,62,29.902,29.813,6.9,11.5,65.9
2022-08-17 00:00:00,58.9,66,45.8,29.9,1.2,2.4,107,0.05,7.69,0,73.1,42.5,97,34,29.998,29.851,9.2,12.7,77.4
2022-08-18 00:00:00,60,58,42.8,29.9,1.5,2.9,76,0.05,7.69,0,77.1,41.5,89,29,29.92,29.783,10.4,16.1,77.9
2022-08-19 00:00:00,57,71,46.8,29.8,1.6,2.9,39,0.05,7.69,0,71.1,42.8,93,41,29.847,29.736,11.5,17.3,77.4
2022-08-20 00:00:00,56.6,78,49.5,29.8,1.4,2.5,10,0.06,7.7,0.01,68,45.9,93,58,29.858,29.751,12.7,19.6,68
2022-08-21 00:00:00,56.3,75,47.9,29.9,1.8,3.2,289,0.06,7.7,0,70.1,44.6,97,47,29.901,29.827,12.7,20.7,77.4
2022-08-22 00:00:00,59,67,46.7,29.9,1.3,2.5,119,0.06,7.7,0,72.6,43.1,95,39,29.903,29.799,10.4,17.3,77.5
2022-08-23 00:00:00,57.2,66,44.4,29.8,1.7,3.1,290,0.06,7.7,0,75.2,41.3,94,33,29.866,29.74,15,23,77.5
2022-08-24 00:00:00,57,68,44.9,29.9,1.5,2.6,9,0.06,7.7,0,74.3,40.7,93,35,29.907,29.843,15,20.7,77.4
2022-08-25 00:00:00,56.1,76,47.3,29.9,2,3.2,359,0.06,7.7,0,78.6,42.1,93,31,29.928,29.796,19.6,33.4,78.8
2022-08-26 00:00:00,56.2,79,48.7,29.8,2,3.2,306,0.06,7.7,0,72,48.3,96,36,29.885,29.712,17.3,24.2,77.5
2022-08-27 00:00:00,64.6,44,40.2,29.6,5.8,9.6,269,0.06,7.7,0,79.6,51.2,86,17,29.716,29.502,16.1,24.2,78.5
2022-08-28 00:00:00,66.2,37,38.9,29.5,6.3,9.8,258,0.06,7.7,0,76.5,58.1,48,22,29.597,29.457,18.4,27.6,77.4
2022-08-29 00:00:00,63.9,45,41.3,29.7,2.7,4.6,270,0.06,7.7,0,76.8,50.6,74,26,29.904,29.597,11.5,19.6,77.8
2022-08-30 00:00:00,62.3,54,42.3,29.9,1.5,2.9,112,0.06,7.7,0,80.5,42.2,92,25,29.971,29.884,11.5,16.1,79.4
2022-08-31 00:00:00,62.2,51,40.6,29.9,2.3,3.8,25,0.06,7.7,0,82.4,45.9,82,16,29.915,29.799,17.3,23,80.2
2022-09-01 00:00:00,61.6,49,38,29.8,2.1,3.4,2,0,7.8,0,81.4,40.5,89,17,29.855,29.688,20.7,33.4,79.4
2022-09-02 00:00:00,63,44,38.7,29.8,3,4.8,41,0.01,7.81,0.01,82.2,44.4,73,20,29.999,29.724,13.8,19.6,80
2022-09-03 00:00:00,60.5,56,42.4,30,1.7,3.2,133,0.01,7.81,0,76.7,41.1,89,29,29.998,29.899,9.2,15,77.7
2022-09-04 00:00:00,64.7,47,38.4,29.8,2.1,3.8,24,0.01,7.81,0,89.8,40.7,90,10,29.956,29.714,12.7,19.6,85.7
2022-09-05 00:00:00,66.9,39,37.4,29.7,2.1,3.8,73,0.01,7.81,0,86.2,47,63,15,29.774,29.669,15,19.6,82.9
2022-09-06 00:00:00,66.6,38,35.6,29.8,1.8,3.2,125,0.01,7.81,0,86.9,44.1,70,11,29.905,29.774,11.5,19.6,83.4
2022-09-07 00:00:00,65.9,39,36.7,29.9,1.6,2.9,108,0.01,7.81,0,86.9,45.9,70,15,29.924,29.781,11.5,18.4,83.5
2022-09-08 00:00:00,65.5,39,35.1,29.6,3.5,5.7,295,0.01,7.81,0,88.8,44.5,66,12,29.801,29.47,17.3,28.8,84.9
2022-09-09 00:00:00,46.7,89,43.7,29.7,2.7,4.4,57,0.02,7.82,0.01,59.7,42.7,95,55,29.92,29.49,8.1,16.1,59.7
2022-09-10 00:00:00,42.1,93,40.4,30.1,2.5,3.9,57,0.02,7.82,0,44.7,39.1,96,86,30.191,29.92,9.2,13.8,44.7
2022-09-11 00:00:00,50,66,36.4,30.1,1.3,2.6,33,0.11,7.91,0.01,71.8,28.2,97,29,30.253,29.989,9.2,13.8,77.2
2022-09-12 00:00:00,55.3,46,27.4,29.9,1.6,2.9,64,0.11,7.91,0,79.3,30.4,90,9,30.012,29.803,12.7,20.7,77.7
2022-09-13 00:00:00,55.4,42,29,29.7,1.6,3,108,0.11,7.91,0,75.8,32.8,78,17,29.851,29.646,10.4,18.4,76.2
2022-09-14 00:00:00,56.4,59,40.8,29.6,3.5,5.5,242,0.14,7.94,0.01,70.4,45.2,92,32,29.655,29.517,13.8,20.7,77.3
2022-09-15 00:00:00,54.7,64,42.1,29.7,4.2,6.9,262,0.14,7.94,0,66,45.2,91,40,29.815,29.646,15,23,66
2022-09-16 00:00:00,51.5,64,38.5,29.8,5.8,8.8,256,0.14,7.94,0,67.2,36.2,95,29,29.828,29.722,19.6,28.8,67.2
2022-09-17 00:00:00,55.5,56,39.2,29.7,2.7,4.7,224,0.14,7.94,0,68.3,42.7,83,30,29.743,29.579,15,21.9,76.6
2022-09-18 00:00:00,55.3,54,34.1,29.7,3.8,6.3,223,0.14,7.94,0,75.8,34.1,93,16,29.786,29.622,19.6,27.6,76.9
2022-09-19 00:00:00,59.3,41,28.3,29.7,5.1,7.7,250,0.14,7.94,0,79.5,35.5,87,8,29.785,29.692,19.6,28.8,77.8
2022-09-20 00:00:00,60.4,37,32.1,29.8,2.9,4.6,273,0.14,7.94,0,78.8,39.2,68,18,29.834,29.719,16.1,26.5,77.8
2022-09-21 00:00:00,51.9,78,44.8,29.8,2.5,4.4,69,0.15,7.95,0.01,59.7,44.2,96,48,29.948,29.774,8.1,11.5,59.7
2022-09-22 00:00:00,49.5,84,44.1,29.9,2.4,4.1,299,0.16,7.96,0.01,69.6,42.6,97,34,29.962,29.739,17.3,23,77.4
2022-09-23 00:00:00,57.8,36,27.7,29.8,8.2,13.2,267,0.16,7.96,0,70.4,43.2,94,14,29.857,29.694,25.3,38,74.7
2022-09-24 00:00:00,59.1,29,25,29.8,5.5,8.9,265,0.16,7.96,0,75.1,43.1,52,13,29.993,29.793,16.1,26.5,75.4
2022-09-25 00:00:00,49.4,55,32.5,30,1.8,3.5,71,0.16,7.96,0,67.3,31,84,31,30.107,29.994,10.4,15,67.3
2022-09-26 00:00:00,52.8,55,33.2,30.1,1.5,3,118,0.16,7.96,0,74.4,31.4,92,20,30.112,29.981,11.5,20.7,76.2
2022-09-27 00:00:00,49.6,66,37.5,30,1.6,2.8,354,0.16,7.96,0,71.7,33.7,91,28,30.131,29.976,18.4,26.5,77.1
2022-09-28 00:00:00,53.2,55,33.3,30.1,2.2,3.6,281,0.16,7.96,0,75.1,34.6,93,16,30.119,29.965,12.7,18.4,76.8
2022-09-29 00:00:00,57.6,47,36.9,29.9,5.5,8.8,265,0.16,7.96,0,71.1,40.1,71,29,30.022,29.764,18.4,28.8,76.9
2022-09-30 00:00:00,50.7,66,39,29.7,3.1,5.2,258,0.16,7.96,0,65.1,39.3,87,37,29.794,29.673,16.1,25.3,65.1
